model,eta_target,grid,variant,trial,accepted_step_candidate,t_start,dt_try,t_trial,eta_measured,linear_iters,nonlinear_iters,final_residual_norm,solver_converged,violates_guard,accepted
M1,0.1,32,aligned_guard_1p1,1,1,0.0,1e-06,1e-06,0.009013284667245906,4,4,1.1321937296551507e-06,True,False,True
M1,0.1,32,aligned_guard_1p1,2,2,1e-06,1.1e-06,2.1000000000000002e-06,0.009857784898884841,4,4,1.5640154085053923e-06,True,False,True
M1,0.1,32,aligned_guard_1p1,3,3,2.1000000000000002e-06,1.21e-06,3.3100000000000005e-06,0.01077512796701578,5,5,5.087364889896329e-09,True,False,True
M1,0.1,32,aligned_guard_1p1,4,4,3.3100000000000005e-06,1.3310000000000003e-06,4.641000000000001e-06,0.011770296182470342,5,5,7.129142097502218e-09,True,False,True
M1,0.1,32,aligned_guard_1p1,5,5,4.641000000000001e-06,1.4641000000000003e-06,6.105100000000001e-06,0.012848340323119828,5,5,1.0655230220599632e-08,True,False,True
M1,0.1,32,aligned_guard_1p1,6,6,6.105100000000001e-06,1.6105100000000006e-06,7.715610000000002e-06,0.014014316179203885,5,5,1.554125976741851e-08,True,False,True
M1,0.1,32,aligned_guard_1p1,7,7,7.715610000000002e-06,1.7715610000000007e-06,9.487171000000002e-06,0.015273206776659696,5,5,2.2636237267852154e-08,True,False,True
M1,0.1,32,aligned_guard_1p1,8,8,9.487171000000002e-06,1.948717100000001e-06,1.1435888100000002e-05,0.016629829174298644,5,5,3.2429295061975254e-08,True,False,True
M1,0.1,32,aligned_guard_1p1,9,9,1.1435888100000002e-05,2.1435888100000012e-06,1.3579476910000003e-05,0.018088725143854175,5,5,4.6082277798043355e-08,True,False,True
M1,0.1,32,aligned_guard_1p1,10,10,1.3579476910000003e-05,2.3579476910000015e-06,1.5937424601000003e-05,0.019654035643632363,5,5,6.521390816720477e-08,True,False,True
M1,0.1,32,aligned_guard_1p1,11,11,1.5937424601000003e-05,2.5937424601000017e-06,1.8531167061100006e-05,0.021329359812077,5,5,9.061959664465996e-08,True,False,True
M1,0.1,32,aligned_guard_1p1,12,12,1.8531167061100006e-05,2.853116706110002e-06,2.1384283767210007e-05,0.023117600247222078,5,5,1.2529483720261852e-07,True,False,True
M1,0.1,32,aligned_guard_1p1,13,13,2.1384283767210007e-05,3.1384283767210024e-06,2.452271214393101e-05,0.025020797591709134,5,5,1.7113337663785937e-07,True,False,True
M1,0.1,32,aligned_guard_1p1,14,14,2.452271214393101e-05,3.452271214393103e-06,2.7974983358324114e-05,0.027039958872318234,5,5,2.3145376304283376e-07,True,False,True
M1,0.1,32,aligned_guard_1p1,15,15,2.7974983358324114e-05,3.7974983358324136e-06,3.177248169415653e-05,0.029174885573776198,5,5,3.0978849039383337e-07,True,False,True
M1,0.1,32,aligned_guard_1p1,16,16,3.177248169415653e-05,4.177248169415655e-06,3.5949729863572185e-05,0.03142400894478362,5,5,4.0998749923271406e-07,True,False,True
M1,0.1,32,aligned_guard_1p1,17,17,3.5949729863572185e-05,4.594972986357221e-06,4.0544702849929404e-05,0.03378424138580209,5,5,5.366309951715755e-07,True,False,True
M1,0.1,32,aligned_guard_1p1,18,18,4.0544702849929404e-05,5.0544702849929435e-06,4.559917313492235e-05,0.03625085376683075,5,5,6.945229084595284e-07,True,False,True
M1,0.1,32,aligned_guard_1p1,19,19,4.559917313492235e-05,5.559917313492238e-06,5.115909044841459e-05,0.038817388966682166,5,5,8.885527046327266e-07,True,False,True
M1,0.1,32,aligned_guard_1p1,20,20,5.115909044841459e-05,6.115909044841462e-06,5.727499949325605e-05,0.04147562161986563,5,5,1.1237416534719246e-06,True,False,True
M1,0.1,32,aligned_guard_1p1,21,21,5.727499949325605e-05,6.727499949325609e-06,6.400249944258165e-05,0.044215572851808896,5,5,1.4051302301200028e-06,True,False,True
M1,0.1,32,aligned_guard_1p1,22,22,6.400249944258165e-05,7.40024994425817e-06,7.140274938683982e-05,0.047025586604454536,5,5,1.7370194207869728e-06,True,False,True
M1,0.1,32,aligned_guard_1p1,23,23,7.140274938683982e-05,8.140274938683989e-06,7.954302432552381e-05,0.049892471040353055,6,6,1.588538917286761e-08,True,False,True
M1,0.1,32,aligned_guard_1p1,24,24,7.954302432552381e-05,8.954302432552388e-06,8.84973267580762e-05,0.05280170462227427,6,6,1.9840803030534656e-08,True,False,True
M1,0.1,32,aligned_guard_1p1,25,25,8.84973267580762e-05,9.849732675807628e-06,9.834705943388383e-05,0.055737702135942487,6,6,2.4528255287025523e-08,True,False,True
M1,0.1,32,aligned_guard_1p1,26,26,9.834705943388383e-05,1.0834705943388392e-05,0.00010918176537727222,0.05868413147630266,6,6,2.9896987768028396e-08,True,False,True
M1,0.1,32,aligned_guard_1p1,27,27,0.00010918176537727222,1.1918176537727232e-05,0.00012109994191499945,0.06162426805175072,6,6,3.5904180094389546e-08,True,False,True
M1,0.1,32,aligned_guard_1p1,28,28,0.00012109994191499945,1.3109994191499957e-05,0.0001342099361064994,0.06454137051330996,6,6,4.263626933265752e-08,True,False,True
M1,0.1,32,aligned_guard_1p1,29,29,0.0001342099361064994,1.4420993610649954e-05,0.00014863092971714937,0.0674190596536692,6,6,5.00440621264987e-08,True,False,True
M1,0.1,32,aligned_guard_1p1,30,30,0.00014863092971714937,1.586309297171495e-05,0.00016449402268886432,0.07024168194979376,6,6,5.820953008557851e-08,True,False,True
M1,0.1,32,aligned_guard_1p1,31,31,0.00016449402268886432,1.7449402268886447e-05,0.00018194342495775077,0.07299464040395744,6,6,6.662962141570037e-08,True,False,True
M1,0.1,32,aligned_guard_1p1,32,32,0.00018194342495775077,1.9194342495775094e-05,0.00020113776745352586,0.07566467792673069,6,6,7.567181708830336e-08,True,False,True
M1,0.1,32,aligned_guard_1p1,33,33,0.00020113776745352586,2.1113776745352607e-05,0.00022225154419887848,0.0782401021859968,6,6,8.506240528063472e-08,True,False,True
M1,0.1,32,aligned_guard_1p1,34,34,0.00022225154419887848,2.322515441988787e-05,0.00024547669861876636,0.08071094518505917,6,6,9.450302624314264e-08,True,False,True
M1,0.1,32,aligned_guard_1p1,35,35,0.00024547669861876636,2.554766986187666e-05,0.000271024368480643,0.08306905535033254,6,6,1.0420019970867062e-07,True,False,True
M1,0.1,32,aligned_guard_1p1,36,36,0.000271024368480643,2.8102436848064327e-05,0.00029912680532870735,0.0853081241507872,6,6,1.1372192079138199e-07,True,False,True
M1,0.1,32,aligned_guard_1p1,37,37,0.00029912680532870735,3.091268053287076e-05,0.0003300394858615781,0.08742365286897005,6,6,1.2323295185929553e-07,True,False,True
M1,0.1,32,aligned_guard_1p1,38,38,0.0003300394858615781,3.4003948586157844e-05,0.0003640434344477359,0.08941286785265332,6,6,1.3219330057190714e-07,True,False,True
M1,0.1,32,aligned_guard_1p1,39,39,0.0003640434344477359,3.7404343444773634e-05,0.00040144777789250956,0.09127459428885637,6,6,1.4092420527423785e-07,True,False,True
M1,0.1,32,aligned_guard_1p1,40,40,0.00040144777789250956,4.0980016110945664e-05,0.0004424277940034552,0.09266770061058739,6,6,1.4587509373018845e-07,True,False,True
M1,0.1,32,aligned_guard_1p1,41,41,0.0004424277940034552,4.422254554815581e-05,0.00048665033955161104,0.09265661102561988,6,6,1.380644301116315e-07,True,False,True
M1,0.1,32,aligned_guard_1p1,42,42,0.00048665033955161104,4.772735054590775e-05,0.0005343776900975188,0.09263269329372022,6,6,1.3105270711111063e-07,True,False,True
M1,0.1,32,aligned_guard_1p1,43,43,0.0005343776900975188,5.1523224521361614e-05,0.0005859009146188804,0.0926099425214065,6,6,1.2473108516999033e-07,True,False,True
M1,0.1,32,aligned_guard_1p1,44,44,0.0005859009146188804,5.56346577036825e-05,0.0006415355723225629,0.09258829867487609,6,6,1.1931901718785533e-07,True,False,True
M1,0.1,32,aligned_guard_1p1,45,45,0.0006415355723225629,6.0088216869653974e-05,0.0007016237891922169,0.09256758381453417,6,6,1.1429695513489003e-07,True,False,True
M1,0.1,32,aligned_guard_1p1,46,46,0.0007016237891922169,6.49128068310015e-05,0.0007665365960232184,0.09254763839518436,6,6,1.0962087818678642e-07,True,False,True
M1,0.1,32,aligned_guard_1p1,47,47,0.0007665365960232184,7.013988466547319e-05,0.0008366764806886915,0.09252831914367633,6,6,1.0546015274159438e-07,True,False,True
M1,0.1,32,aligned_guard_1p1,48,48,0.0008366764806886915,7.580369481970296e-05,0.0009124801755083945,0.09250949611990077,6,6,1.0175820785060676e-07,True,False,True
M1,0.1,32,aligned_guard_1p1,49,49,0.0009124801755083945,8.194152816642137e-05,0.0009944217036748158,0.09249105020288678,6,6,9.812729777412399e-08,True,False,True
M1,0.1,32,aligned_guard_1p1,50,50,0.0009944217036748158,8.859400773012723e-05,0.001083015711404943,0.09247287091480283,6,6,9.486628605953649e-08,True,False,True
M1,0.1,32,aligned_guard_1p1,51,51,0.001083015711404943,9.580540417280947e-05,0.0011788211155777525,0.0924548545019947,6,6,9.171067194870511e-08,True,False,True
M1,0.1,32,aligned_guard_1p1,52,52,0.0011788211155777525,0.00010362398458021748,0.00128244510015797,0.09243690220632887,6,6,8.895775799652788e-08,True,False,True
M1,0.1,32,aligned_guard_1p1,53,53,0.00128244510015797,0.00011210239861664541,0.0013945474987746152,0.09241891867038235,6,6,8.629083529193729e-08,True,False,True
M1,0.1,32,aligned_guard_1p1,54,54,0.0013945474987746152,0.00012129810673988233,0.0015158456055144975,0.0924008104272405,6,6,8.381640701754534e-08,True,False,True
M1,0.1,32,aligned_guard_1p1,55,55,0.0015158456055144975,0.0001312738559099506,0.0016471194614244482,0.09238248443063192,6,6,8.143692964713862e-08,True,False,True
M1,0.1,32,aligned_guard_1p1,56,56,0.0016471194614244482,0.00014209820911292054,0.0017892176705373687,0.09236384658444048,6,6,7.943119585666613e-08,True,False,True
M1,0.1,32,aligned_guard_1p1,57,57,0.0017892176705373687,0.00015384613608855293,0.0019430638066259217,0.09234480023287733,6,6,7.735397610299954e-08,True,False,True
M1,0.1,32,aligned_guard_1p1,58,58,0.0019430638066259217,0.00016659967394003786,0.0021096634805659598,0.09232524457435123,6,6,7.549756890692192e-08,True,False,True
M1,0.1,32,aligned_guard_1p1,59,59,0.0021096634805659598,0.00018044866786772718,0.0022901121484336867,0.09230507296397479,6,6,7.379988800387327e-08,True,False,True
M1,0.1,32,aligned_guard_1p1,60,60,0.0022901121484336867,0.0001954916041701776,0.0024856037526038645,0.09228417107233547,6,6,7.236985269871652e-08,True,False,True
M1,0.1,32,aligned_guard_1p1,61,61,0.0024856037526038645,0.0002118365499723074,0.0026974403025761718,0.09226241487232567,6,6,7.096783169212165e-08,True,False,True
M1,0.1,32,aligned_guard_1p1,62,62,0.0026974403025761718,0.00022960221696500196,0.002927042519541174,0.0922396684319336,6,6,6.972901403539621e-08,True,False,True
M1,0.1,32,aligned_guard_1p1,63,63,0.002927042519541174,0.00024891916988451916,0.003175961689425693,0.09221578149905382,6,6,6.87709530398373e-08,True,False,True
M1,0.1,32,aligned_guard_1p1,64,64,0.003175961689425693,0.0002699312046572779,0.0034458928940829707,0.09219058687388258,6,6,6.791441047006927e-08,True,False,True
M1,0.1,32,aligned_guard_1p1,65,65,0.0034458928940829707,0.0002927969262486048,0.0037386898203315756,0.09216389757349694,6,6,6.733059438676422e-08,True,False,True
M1,0.1,32,aligned_guard_1p1,66,66,0.0037386898203315756,0.0003176915624853118,0.004056381382816887,0.09213550379848703,6,6,6.69896612764359e-08,True,False,True
M1,0.1,32,aligned_guard_1p1,67,67,0.004056381382816887,0.000344809057733213,0.0044011904405501,0.09210516970839454,6,6,6.659538914388066e-08,True,False,True
M1,0.1,32,aligned_guard_1p1,68,68,0.0044011904405501,0.00037436449965282115,0.004775554940202921,0.0920726299960202,6,6,6.63186239625423e-08,True,False,True
M1,0.1,32,aligned_guard_1p1,69,69,0.004775554940202921,0.0004065969438138163,0.005182151884016738,0.09203758621616802,6,6,6.599359984605872e-08,True,False,True
M1,0.1,32,aligned_guard_1p1,70,70,0.005182151884016738,0.0004417727153978647,0.005623924599414603,0.09199970277097023,6,6,6.548759675681745e-08,True,False,True
M1,0.1,32,aligned_guard_1p1,71,71,0.005623924599414603,0.00048018928549980333,0.006104113884914406,0.09235904193838688,6,6,6.486226596937002e-08,True,False,True
M1,0.1,32,aligned_guard_1p1,72,72,0.006104113884914406,0.0005199158365243109,0.006624029721438717,0.09309268534444047,6,6,6.293032453418294e-08,True,False,True
M1,0.1,32,aligned_guard_1p1,73,73,0.006624029721438717,0.0005584926835020777,0.007182522404940795,0.0931062089190103,6,6,5.9087010084179075e-08,True,False,True
M1,0.1,32,aligned_guard_1p1,74,74,0.007182522404940795,0.0005998447257023323,0.007782367130643127,0.09766644188486369,6,6,5.8409381267611897e-08,True,False,True
M1,0.1,32,aligned_guard_1p1,75,75,0.007782367130643127,0.0006141769006077573,0.008396544031250884,0.10148768133987227,6,6,4.81666723151209e-08,True,False,True
M1,0.1,32,aligned_guard_1p1,76,76,0.008396544031250884,0.0006051738422823351,0.009001717873533219,0.1008178951722174,6,6,3.5392402912685676e-08,True,False,True
M1,0.1,32,aligned_guard_1p1,77,77,0.009001717873533219,0.0006002643094745984,0.009601982183007817,0.10007548165589526,6,6,2.881643108150055e-08,True,False,True
M1,0.1,32,aligned_guard_1p1,78,78,0.009601982183007817,0.000599811561775519,0.010201793744783336,0.09948331920665351,6,6,2.502190514996988e-08,True,False,True
M1,0.1,32,aligned_guard_1p1,79,79,0.010201793744783336,0.0006029267685867514,0.010804720513370088,0.09900858714051548,5,5,1.9075319956175163e-06,True,False,True
M1,0.1,32,aligned_guard_1p1,80,80,0.010804720513370088,0.0006089641171538611,0.01141368463052395,0.0986198875059078,5,5,1.8178545955790617e-06,True,False,True
M1,0.1,32,aligned_guard_1p1,81,81,0.01141368463052395,0.0006174861202486985,0.012031170750772648,0.09829577798308285,5,5,1.765090816743451e-06,True,False,True
M1,0.1,32,aligned_guard_1p1,82,82,0.012031170750772648,0.0006281919050022379,0.012659362655774886,0.09802138506956394,5,5,1.7345311244613106e-06,True,False,True
M1,0.1,32,aligned_guard_1p1,83,83,0.012659362655774886,0.0006408723000153711,0.013300234955790257,0.09778604689052271,5,5,1.7185748537655603e-06,True,False,True
M1,0.1,32,aligned_guard_1p1,84,84,0.013300234955790257,0.0006553821535835942,0.013955617109373852,0.09758189786554651,5,5,1.7135547425643572e-06,True,False,True
M1,0.1,32,aligned_guard_1p1,85,85,0.013955617109373852,0.000671622675843643,0.014627239785217495,0.09740299222182652,5,5,1.7167402116490401e-06,True,False,True
M1,0.1,32,aligned_guard_1p1,86,86,0.014627239785217495,0.0006895298188725896,0.015316769604090084,0.09724474007579256,5,5,1.726493823970837e-06,True,False,True
M1,0.1,32,aligned_guard_1p1,87,87,0.015316769604090084,0.0007090664423959281,0.01602583604648601,0.09710353236954129,5,5,1.7424858252227866e-06,True,False,True
M1,0.1,32,aligned_guard_1p1,88,88,0.01602583604648601,0.0007302169396860611,0.01675605298617207,0.0969764842028613,5,5,1.7629054730653824e-06,True,False,True
M1,0.1,32,aligned_guard_1p1,89,89,0.01675605298617207,0.000752983515218544,0.017509036501390615,0.09686125477971928,5,5,1.787495296274376e-06,True,False,True
M1,0.1,32,aligned_guard_1p1,90,90,0.017509036501390615,0.0007773836059949566,0.01828642010738557,0.09675591831189084,5,5,1.8159173743779145e-06,True,False,True
M1,0.1,32,aligned_guard_1p1,91,91,0.01828642010738557,0.0008034481193068474,0.019089868226692418,0.09665886963937316,5,5,1.8472452950501945e-06,True,False,True
M1,0.1,32,aligned_guard_1p1,92,92,0.019089868226692418,0.0008312202721844884,0.019921088498876905,0.09656875401227512,5,5,1.8810623196771305e-06,True,False,True
M1,0.1,32,aligned_guard_1p1,93,93,0.019921088498876905,0.0008607548898050707,0.020781843388681977,0.09648441401211502,5,5,1.9169333219460107e-06,True,False,True
M1,0.1,32,aligned_guard_1p1,94,94,0.020781843388681977,0.0008921180675844603,0.021673961456266436,0.09640484884329205,5,5,1.9544618210691924e-06,True,False,True
M1,0.1,32,aligned_guard_1p1,95,95,0.021673961456266436,0.0009253871338303901,0.022599348590096827,0.09632918269456828,5,5,1.9928230996027345e-06,True,False,True
M1,0.1,32,aligned_guard_1p1,96,96,0.022599348590096827,0.0009606508722953902,0.023559999462392216,0.0962566398526634,6,6,1.762256784830221e-08,True,False,True
M1,0.1,32,aligned_guard_1p1,97,97,0.023559999462392216,0.0009980099801591082,0.024558009442551324,0.09618652486452063,6,6,1.7876235173505266e-08,True,False,True
M1,0.1,32,aligned_guard_1p1,98,98,0.024558009442551324,0.0010375777496534073,0.02559558719220473,0.09611820665473027,6,6,1.8107211075177333e-08,True,False,True
M1,0.1,32,aligned_guard_1p1,99,99,0.02559558719220473,0.001079480970114776,0.026675068162319508,0.09605110549415746,6,6,1.7959137278082223e-08,True,False,True
M1,0.1,32,aligned_guard_1p1,100,100,0.026675068162319508,0.0011238610576745918,0.0277989292199941,0.09598468233161345,6,6,1.8017484656255323e-08,True,False,True
M1,0.1,32,aligned_guard_1p1,101,101,0.0277989292199941,0.0011708754255098865,0.028969804645503985,0.09591842982635516,6,6,1.7917790377018383e-08,True,False,True
M1,0.1,32,aligned_guard_1p1,102,102,0.028969804645503985,0.0012206991165614027,0.030190503762065387,0.09585186468073854,6,6,1.772987150444089e-08,True,False,True
M1,0.1,32,aligned_guard_1p1,103,103,0.030190503762065387,0.0012735267285902917,0.03146403049065568,0.0957845209009325,6,6,1.719175577438636e-08,True,False,True
M1,0.1,32,aligned_guard_1p1,104,104,0.03146403049065568,0.0013295746709507147,0.03279360516160639,0.09571594367324278,6,6,1.6697281844115214e-08,True,False,True
M1,0.1,32,aligned_guard_1p1,105,105,0.03279360516160639,0.0013890838035193454,0.03418268896512574,0.09564568358899796,6,6,1.577025722639241e-08,True,False,True
M1,0.1,32,aligned_guard_1p1,106,106,0.03418268896512574,0.0014523225214097696,0.03563501148653551,0.0955732909919132,6,6,1.4557820332963271e-08,True,False,True
M1,0.1,32,aligned_guard_1p1,107,107,0.03563501148653551,0.0015195903649824676,0.03715460185151798,0.09549831025842528,5,5,1.98361509380592e-06,True,False,True
M1,0.1,32,aligned_guard_1p1,108,108,0.03715460185151798,0.0015912222539543862,0.038745824105472365,0.09542027387605084,5,5,1.863460159758851e-06,True,False,True
M1,0.1,32,aligned_guard_1p1,109,109,0.038745824105472365,0.001667593467632837,0.0404134175731052,0.09533869614898823,5,5,1.7182612961587566e-06,True,False,True
M1,0.1,32,aligned_guard_1p1,110,110,0.0404134175731052,0.0017491255229952441,0.042162543096100444,0.10158889546250488,5,5,1.564447862367754e-06,True,False,True
M1,0.1,32,aligned_guard_1p1,111,111,0.042162543096100444,0.001721768422652871,0.04388431151875331,0.10187279852257235,5,5,1.0686322445474942e-06,True,False,True
M1,0.1,32,aligned_guard_1p1,112,112,0.04388431151875331,0.0016901159559991595,0.045574427474752474,0.10121433348910534,5,5,7.758414820742911e-07,True,False,True
M1,0.1,32,aligned_guard_1p1,113,113,0.045574427474752474,0.0016698385473052418,0.04724426602205772,0.10062758794420762,5,5,6.483734141158754e-07,True,False,True
M1,0.1,32,aligned_guard_1p1,114,114,0.04724426602205772,0.0016594242010760252,0.04890369022313374,0.10014328437414391,5,5,6.104770319014435e-07,True,False,True
M1,0.1,32,aligned_guard_1p1,115,115,0.04890369022313374,0.0016570499074868305,0.05056074013062057,0.09973872907241231,5,5,6.139277799501574e-07,True,False,True
M1,0.1,32,aligned_guard_1p1,116,116,0.05056074013062057,0.0016613906382181582,0.05222213076883873,0.09939549349143927,5,5,6.344676327514475e-07,True,False,True
M1,0.1,32,aligned_guard_1p1,117,117,0.05222213076883873,0.0016714949338837483,0.05389362570272248,0.09910024580308757,5,5,6.614180565476231e-07,True,False,True
M1,0.1,32,aligned_guard_1p1,118,118,0.05389362570272248,0.0016866708254235946,0.05558029652814607,0.09884316558458801,5,5,6.906721033151613e-07,True,False,True
M1,0.1,32,aligned_guard_1p1,119,119,0.05558029652814607,0.0017064111771897626,0.05728670770533583,0.09861684178972419,5,5,7.207344067164436e-07,True,False,True
M1,0.1,32,aligned_guard_1p1,120,120,0.05728670770533583,0.0017303445803185007,0.059017052285654334,0.09841555986845153,5,5,7.509405482588568e-07,True,False,True
M1,0.1,32,aligned_guard_1p1,121,121,0.059017052285654334,0.0017582022422383094,0.06077525452789264,0.09823482912576516,5,5,7.813727962852914e-07,True,False,True
M1,0.1,32,aligned_guard_1p1,122,122,0.06077525452789264,0.001789795185562313,0.06256504971345496,0.09807106039065977,5,5,8.117759515558002e-07,True,False,True
M1,0.1,32,aligned_guard_1p1,123,123,0.06256504971345496,0.0018249983006534025,0.06439004801410836,0.09792134064170291,5,5,8.422158409546091e-07,True,False,True
M1,0.1,32,aligned_guard_1p1,124,124,0.06439004801410836,0.0018637390876122964,0.06625378710172065,0.09778327194912347,5,5,8.725533305251251e-07,True,False,True
M1,0.1,32,aligned_guard_1p1,125,125,0.06625378710172065,0.0019059896958469522,0.0681597767975676,0.09765485413932896,5,5,9.025484030890788e-07,True,False,True
M1,0.1,32,aligned_guard_1p1,126,126,0.0681597767975676,0.001951761346269161,0.07011153814383676,0.09753439782420094,5,5,9.317593193543617e-07,True,False,True
M1,0.1,32,aligned_guard_1p1,127,127,0.07011153814383676,0.002001100524337144,0.07211263866817391,0.09742045891272286,5,5,9.598906468128523e-07,True,False,True
M1,0.1,32,aligned_guard_1p1,128,128,0.07211263866817391,0.0020540865303559,0.0741667251985298,0.0973117885618097,5,5,9.862674202761562e-07,True,False,True
M1,0.1,32,aligned_guard_1p1,129,129,0.0741667251985298,0.0021108301067256636,0.07627755530525547,0.09720729436648723,5,5,1.010188522982262e-06,True,False,True
M1,0.1,32,aligned_guard_1p1,130,130,0.07627755530525547,0.002171472954249187,0.07844902825950466,0.09710600981224421,5,5,1.030725139497947e-06,True,False,True
M1,0.1,32,aligned_guard_1p1,131,131,0.07844902825950466,0.0022361880160123556,0.08068521627551702,0.09700706984098288,5,5,1.046597801231332e-06,True,False,True
M1,0.1,32,aligned_guard_1p1,132,132,0.08068521627551702,0.002305180457133678,0.0829903967326507,0.09690969095636663,5,5,1.0567877166017529e-06,True,False,True
M1,0.1,32,aligned_guard_1p1,133,133,0.0829903967326507,0.0023786893079367887,0.08536908604058749,0.09681315470234605,5,5,1.059768967658989e-06,True,False,True
M1,0.1,32,aligned_guard_1p1,134,134,0.08536908604058749,0.002456989770915033,0.08782607581150252,0.0967167936457042,5,5,1.0542943224099347e-06,True,False,True
M1,0.1,32,aligned_guard_1p1,135,135,0.08782607581150252,0.0025403962210694764,0.090366472032572,0.09661997921449558,5,5,1.0391298408756258e-06,True,False,True
M1,0.1,32,aligned_guard_1p1,136,136,0.090366472032572,0.0026292659569195492,0.09299573798949155,0.09652211091091933,5,5,1.0140750580268066e-06,True,False,True
M1,0.1,32,aligned_guard_1p1,137,137,0.09299573798949155,0.0027240037874286752,0.09571974177692023,0.09642260654283578,5,5,9.799533741990726e-07,True,False,True
M1,0.1,32,aligned_guard_1p1,138,138,0.09571974177692023,0.002825067569832325,0.09854480934675255,0.09632089321133869,5,5,9.403710553731836e-07,True,False,True
M1,0.1,32,aligned_guard_1p1,139,139,0.09854480934675255,0.0029329748465203856,0.10147778419327294,0.09989219484107606,5,5,9.036724244230844e-07,True,False,True
M1,0.1,32,aligned_guard_1p1,140,140,0.10147778419327294,0.0029361401570829585,0.1044139243503559,0.10200539596708337,5,5,7.420320506444416e-07,True,False,True
M1,0.1,32,aligned_guard_1p1,141,141,0.1044139243503559,0.0028784165085055267,0.10729234085886143,0.10148887222758508,5,5,5.763168709957614e-07,True,False,True
M1,0.1,32,aligned_guard_1p1,142,142,0.10729234085886143,0.002836189274081973,0.1101285301329434,0.1009193508964096,5,5,4.864008755873928e-07,True,False,True
M1,0.1,32,aligned_guard_1p1,143,143,0.1101285301329434,0.0028103522752472203,0.11293888240819061,0.1004382694499142,5,5,4.4435602888089916e-07,True,False,True
M1,0.1,32,aligned_guard_1p1,144,144,0.11293888240819061,0.002798089105516365,0.11573697151370697,0.10003222333780866,5,5,4.2967387867243393e-07,True,False,True
M1,0.1,32,aligned_guard_1p1,145,145,0.11573697151370697,0.00279718775825588,0.11853415927196286,0.09968464093190708,5,5,4.2963851173216117e-07,True,False,True
M1,0.1,32,aligned_guard_1p1,146,146,0.11853415927196286,0.0028060368499161197,0.12134019612187898,0.09938308455549112,5,5,4.375401750701538e-07,True,False,True
M1,0.1,32,aligned_guard_1p1,147,147,0.12134019612187898,0.0028234551809964733,0.12416365130287545,0.09911827192919365,5,5,4.497690616871992e-07,True,False,True
M1,0.1,32,aligned_guard_1p1,148,148,0.12416365130287545,0.002848571838513734,0.12701222314138919,0.09888312796604475,5,5,4.6436044865189984e-07,True,False,True
M1,0.1,32,aligned_guard_1p1,149,149,0.12701222314138919,0.002880746085916597,0.12989296922730578,0.0986721491670932,5,5,4.80278502791035e-07,True,False,True
M1,0.1,32,aligned_guard_1p1,150,150,0.12989296922730578,0.00291951286176841,0.1328124820890742,0.09848097638218749,5,5,4.967694201559884e-07,True,False,True
M1,0.1,32,aligned_guard_1p1,151,151,0.1328124820890742,0.0029645450004864796,0.1357770270895607,0.09830610040027768,5,5,5.134793471800657e-07,True,False,True
M1,0.1,32,aligned_guard_1p1,152,152,0.1357770270895607,0.003015626688898857,0.13879265377845953,0.09814465424732517,5,5,5.299653439720516e-07,True,False,True
M1,0.1,32,aligned_guard_1p1,153,153,0.13879265377845953,0.003072634686041543,0.14186528846450108,0.09799426355267374,5,5,5.457809285416646e-07,True,False,True
M1,0.1,32,aligned_guard_1p1,154,154,0.14186528846450108,0.0031355250548823653,0.14500081351938346,0.09785293668606472,5,5,5.604902327530986e-07,True,False,True
M1,0.1,32,aligned_guard_1p1,155,155,0.14500081351938346,0.003204323918189465,0.14820513743757294,0.09771898266230132,5,5,5.736053382602536e-07,True,False,True
M1,0.1,32,aligned_guard_1p1,156,156,0.14820513743757294,0.0032791212422493324,0.15148425867982226,0.09759094875370936,5,5,5.845487303281284e-07,True,False,True
M1,0.1,32,aligned_guard_1p1,157,157,0.15148425867982226,0.0033600669776506255,0.1548443256574729,0.09746757228717776,5,5,5.926891814504185e-07,True,False,True
M1,0.1,32,aligned_guard_1p1,158,158,0.1548443256574729,0.0034473691083128123,0.1582916947657857,0.09734774277561938,5,5,5.973341013907957e-07,True,False,True
M1,0.1,32,aligned_guard_1p1,159,159,0.1582916947657857,0.00354129331612628,0.161832988081912,0.09723047166339804,5,5,5.979874156526847e-07,True,False,True
M1,0.1,32,aligned_guard_1p1,160,160,0.161832988081912,0.0036421640824554216,0.16547515216436742,0.09711486774453423,5,5,5.942688465644634e-07,True,False,True
M1,0.1,32,aligned_guard_1p1,161,161,0.16547515216436742,0.0037503671343468497,0.16922551929871427,0.0970001168596875,5,5,5.862316079162379e-07,True,False,True
M1,0.1,32,aligned_guard_1p1,162,162,0.16922551929871427,0.003866353212513988,0.17309187251122826,0.09688546486704831,5,5,5.749111714732739e-07,True,False,True
M1,0.1,32,aligned_guard_1p1,163,163,0.17309187251122826,0.003990643196912577,0.17708251570814085,0.09677020316072968,5,5,5.626025203896674e-07,True,False,True
M1,0.1,32,aligned_guard_1p1,164,164,0.17708251570814085,0.004123834679032709,0.18120635038717356,0.09675538801454805,5,5,5.540667078350552e-07,True,False,True
M1,0.1,32,aligned_guard_1p1,165,165,0.18120635038717356,0.004262124067357007,0.18546847445453057,0.10218869769603335,5,5,5.544428514912138e-07,True,False,True
M1,0.1,32,aligned_guard_1p1,166,166,0.18546847445453057,0.004170837052875418,0.18963931150740598,0.10184746425395966,5,5,4.4199118981937094e-07,True,False,True
M1,0.1,32,aligned_guard_1p1,167,167,0.18963931150740598,0.004095180065038549,0.19373449157244454,0.10124163664028026,5,5,3.745897594933241e-07,True,False,True
M1,0.1,32,aligned_guard_1p1,168,168,0.19373449157244454,0.004044956404240141,0.19777944797668467,0.10072010869058748,5,5,3.394060539418164e-07,True,False,True
M1,0.1,32,aligned_guard_1p1,169,169,0.19777944797668467,0.004016036575840343,0.20179548455252502,0.10028037989117605,5,5,3.230882353055118e-07,True,False,True
M1,0.1,32,aligned_guard_1p1,170,170,0.20179548455252502,0.0040048078998090484,0.20580029245233408,0.09990456955091458,5,5,3.1749824560205955e-07,True,False,True
M1,0.1,32,aligned_guard_1p1,171,171,0.20580029245233408,0.004008633356623463,0.20980892580895755,0.0995788118540666,5,5,3.180380306608266e-07,True,False,True
M1,0.1,32,aligned_guard_1p1,172,172,0.20980892580895755,0.0040255886588586145,0.21383451446781615,0.09929279714034352,5,5,3.221479322182452e-07,True,False,True
M1,0.1,32,aligned_guard_1p1,173,173,0.21383451446781615,0.0040542605050885245,0.21788877497290468,0.09903871152763656,5,5,3.282948444637933e-07,True,False,True
M1,0.1,32,aligned_guard_1p1,174,174,0.21788877497290468,0.004093611924623223,0.22198238689752792,0.09881050780813849,5,5,3.354972715045467e-07,True,False,True
M1,0.1,32,aligned_guard_1p1,175,175,0.22198238689752792,0.00414289129307162,0.22612527819059955,0.09860341804897291,5,5,3.431732683758666e-07,True,False,True
M1,0.1,32,aligned_guard_1p1,176,176,0.22612527819059955,0.004201569656554897,0.23032684784715446,0.09841362005775468,5,5,3.5079460581569443e-07,True,False,True
M1,0.1,32,aligned_guard_1p1,177,177,0.23032684784715446,0.004269296926674558,0.234596144773829,0.09823800349373595,5,5,3.579718036628187e-07,True,False,True
M1,0.1,32,aligned_guard_1p1,178,178,0.234596144773829,0.004345871022253405,0.2389420157960824,0.09807400219884285,5,5,3.642335345803498e-07,True,False,True
M1,0.1,32,aligned_guard_1p1,179,179,0.2389420157960824,0.004431216147825036,0.24337323194390745,0.09791947156714192,5,5,3.6922643070691284e-07,True,False,True
M1,0.1,32,aligned_guard_1p1,180,180,0.24337323194390745,0.004525367709717078,0.2478985996536245,0.09777259717296434,5,5,3.724800654320637e-07,True,False,True
M1,0.1,32,aligned_guard_1p1,181,181,0.2478985996536245,0.00462846220778148,0.252527061861406,0.09763182548765714,5,5,3.737162212586793e-07,True,False,True
M1,0.1,32,aligned_guard_1p1,182,182,0.252527061861406,0.004740730990804451,0.25726779285221046,0.09749581046551173,5,5,3.726126865643075e-07,True,False,True
M1,0.1,32,aligned_guard_1p1,183,183,0.25726779285221046,0.00486249713517838,0.26213028998738885,0.09736337171483304,5,5,3.6917597256879996e-07,True,False,True
M1,0.1,32,aligned_guard_1p1,184,184,0.26213028998738885,0.00499417496491403,0.2671244649523029,0.09723346126676274,5,5,3.6386247492416854e-07,True,False,True
M1,0.1,32,aligned_guard_1p1,185,185,0.2671244649523029,0.005136271916940579,0.2722607368692435,0.09710513683832171,5,5,3.5779495107883493e-07,True,False,True
M1,0.1,32,aligned_guard_1p1,186,186,0.2722607368692435,0.005289392594639333,0.27755012946388286,0.09697754009647114,5,5,3.533750652136578e-07,True,False,True
M1,0.1,32,aligned_guard_1p1,187,187,0.27755012946388286,0.0054542449616453055,0.28300437442552817,0.09684987885531707,5,5,3.5448011282350985e-07,True,False,True
M1,0.1,32,aligned_guard_1p1,188,188,0.28300437442552817,0.005631648718728229,0.2886360231442564,0.10197167216809089,5,5,3.6668440216206073e-07,True,False,True
M1,0.1,32,aligned_guard_1p1,189,189,0.2886360231442564,0.005522758035628734,0.29415878117988514,0.10183092917357356,5,5,3.0785082286414954e-07,True,False,True
M1,0.1,32,aligned_guard_1p1,190,190,0.29415878117988514,0.0054234583544013875,0.29958223953428653,0.1012376234786175,5,5,2.703452965069293e-07,True,False,True
M1,0.1,32,aligned_guard_1p1,191,191,0.29958223953428653,0.005357156922541629,0.30493939645682816,0.10071487763167243,5,5,2.5067171376807045e-07,True,False,True
M1,0.1,32,aligned_guard_1p1,192,192,0.30493939645682816,0.005319131640246297,0.31025852809707444,0.10027203842848839,5,5,2.413381002546704e-07,True,False,True
M1,0.1,32,aligned_guard_1p1,193,193,0.31025852809707444,0.005304700815511769,0.3155632289125862,0.0998922296176909,5,5,2.3785387664323283e-07,True,False,True
M1,0.1,32,aligned_guard_1p1,194,194,0.3155632289125862,0.0053104238796290795,0.3208736527922153,0.09956181272535555,5,5,2.3766563301982557e-07,True,False,True
M1,0.1,32,aligned_guard_1p1,195,195,0.3208736527922153,0.005333795894494261,0.3262074486867096,0.09927059583127895,5,5,2.3936872258664425e-07,True,False,True
M1,0.1,32,aligned_guard_1p1,196,196,0.3262074486867096,0.005372986683347424,0.331580435370057,0.09901083829247558,5,5,2.4204105461014766e-07,True,False,True
M1,0.1,32,aligned_guard_1p1,197,197,0.331580435370057,0.005426665177276607,0.3370071005473336,0.09877654047514714,5,5,2.450802437622301e-07,True,False,True
M1,0.1,32,aligned_guard_1p1,198,198,0.3370071005473336,0.00549388058254783,0.3425009811298815,0.09856296645721115,5,5,2.480727476709622e-07,True,False,True
M1,0.1,32,aligned_guard_1p1,199,199,0.3425009811298815,0.005573980552759513,0.348074961682641,0.0983663165557473,5,5,2.5060666720880635e-07,True,False,True
M1,0.1,32,aligned_guard_1p1,200,200,0.348074961682641,0.005666554109099493,0.3537415157917405,0.09818349713858009,5,5,2.5236402154714707e-07,True,False,True
M1,0.1,32,aligned_guard_1p1,201,201,0.3537415157917405,0.005771391602706404,0.3595129073944469,0.09801195520675914,5,5,2.5307589044037434e-07,True,False,True
M1,0.1,32,aligned_guard_1p1,202,202,0.3595129073944469,0.005888456760740546,0.3654013641551875,0.09784955712170053,5,5,2.5249622324776585e-07,True,False,True
M1,0.1,32,aligned_guard_1p1,203,203,0.3654013641551875,0.006017867565222364,0.37141923172040986,0.09769449806270053,5,5,2.505659360832308e-07,True,False,True
M1,0.1,32,aligned_guard_1p1,204,204,0.37141923172040986,0.006159883805698132,0.377579115526108,0.09754523330346275,5,5,2.473784511842374e-07,True,False,True
M1,0.1,32,aligned_guard_1p1,205,205,0.377579115526108,0.006314899864491343,0.38389401539059936,0.09740042528112558,5,5,2.434655025124597e-07,True,False,True
M1,0.1,32,aligned_guard_1p1,206,206,0.38389401539059936,0.006483441777861575,0.39037745716846095,0.09725890232040589,5,5,2.399986542894906e-07,True,False,True
M1,0.1,32,aligned_guard_1p1,207,207,0.39037745716846095,0.0066661679529373885,0.39704362512139835,0.09711962613488007,5,5,2.3898550832820823e-07,True,False,True
M1,0.1,32,aligned_guard_1p1,208,208,0.39704362512139835,0.006863873161619663,0.40390749828301803,0.09698166607882072,5,5,2.435489158568175e-07,True,False,True
M1,0.1,32,aligned_guard_1p1,209,209,0.40390749828301803,0.007077495612460535,0.41098499389547855,0.10126145701625518,5,5,2.575498767360998e-07,True,False,True
M1,0.1,32,aligned_guard_1p1,210,210,0.41098499389547855,0.0069893282409756435,0.4179743221364542,0.10182547206303988,5,5,2.298821398197388e-07,True,False,True
M1,0.1,32,aligned_guard_1p1,211,211,0.4179743221364542,0.0068640273394937655,0.42483834947594795,0.10126276562005011,5,5,2.0611859590689457e-07,True,False,True
M1,0.1,32,aligned_guard_1p1,212,212,0.42483834947594795,0.006778431635225537,0.43161678111117346,0.10072901292687327,5,5,1.9307202614501346e-07,True,False,True
M1,0.1,32,aligned_guard_1p1,213,213,0.43161678111117346,0.006729373631553908,0.43834615474272737,0.10027438671122425,5,5,1.864196112851491e-07,True,False,True
M1,0.1,32,aligned_guard_1p1,214,214,0.43834615474272737,0.006710959650078472,0.4450571143928058,0.09988397168720321,5,5,1.8335963604898042e-07,True,False,True
M1,0.1,32,aligned_guard_1p1,215,215,0.4450571143928058,0.006718755308503874,0.4517758697013097,0.09954387026904996,5,5,1.8227983119229213e-07,True,False,True
M1,0.1,32,aligned_guard_1p1,216,216,0.4517758697013097,0.006749541976160095,0.45852541167746974,0.0992436181501594,5,5,1.822471253753204e-07,True,False,True
M1,0.1,32,aligned_guard_1p1,217,217,0.45852541167746974,0.006800983380057526,0.46532639505752726,0.09897527779054306,5,5,1.8266316088858817e-07,True,False,True
M1,0.1,32,aligned_guard_1p1,218,218,0.46532639505752726,0.006871396102014629,0.4721977911595419,0.09873270864025024,5,5,1.831000634661887e-07,True,False,True
M1,0.1,32,aligned_guard_1p1,219,219,0.4721977911595419,0.006959594441039547,0.47915738560058146,0.09851107334488818,5,5,1.8324153677424818e-07,True,False,True
M1,0.1,32,aligned_guard_1p1,220,220,0.47915738560058146,0.007064783891526533,0.486222169492108,0.09830649928704893,5,5,1.8281885982521662e-07,True,False,True
M1,0.1,32,aligned_guard_1p1,221,221,0.486222169492108,0.007186487101832197,0.4934086565939402,0.09811584099929348,5,5,1.8165699243444798e-07,True,False,True
M1,0.1,32,aligned_guard_1p1,222,222,0.4934086565939402,0.007324492180507271,0.5007331487744474,0.09793650966329238,5,5,1.796658451529123e-07,True,False,True
M1,0.1,32,aligned_guard_1p1,223,223,0.5007331487744474,0.007478816843370277,0.5082119656178177,0.0977663483247859,5,5,1.7694084899917682e-07,True,False,True
M1,0.1,32,aligned_guard_1p1,224,224,0.5082119656178177,0.007649684141341951,0.5158616497591596,0.09760353897465039,5,5,1.738420341770547e-07,True,False,True
M1,0.1,32,aligned_guard_1p1,225,225,0.5158616497591596,0.007837506940530843,0.5236991566996905,0.09744653232574049,5,5,1.7117621899644905e-07,True,False,True
M1,0.1,32,aligned_guard_1p1,226,226,0.5236991566996905,0.00804287926258056,0.531742035962271,0.0972939940982933,5,5,1.7036540377393716e-07,True,False,True
M1,0.1,32,aligned_guard_1p1,227,227,0.531742035962271,0.008266573221832248,0.5400086091841032,0.09714476356693354,5,5,1.73529113676944e-07,True,False,True
M1,0.1,32,aligned_guard_1p1,228,228,0.5400086091841032,0.008509540729013677,0.5485181499131169,0.09834151647013446,5,5,1.8325311236050153e-07,True,False,True
M1,0.1,32,aligned_guard_1p1,229,229,0.5485181499131169,0.008653050140423611,0.5571712000535405,0.10197830949662558,5,5,1.890622924076959e-07,True,False,True
M1,0.1,32,aligned_guard_1p1,230,230,0.5571712000535405,0.008485186882520285,0.5656563869360608,0.10154898915001621,5,5,1.688575399573241e-07,True,False,True
M1,0.1,32,aligned_guard_1p1,231,231,0.5656563869360608,0.00835575711146203,0.5740121440475229,0.10096584222827823,5,5,1.563894415023446e-07,True,False,True
M1,0.1,32,aligned_guard_1p1,232,232,0.5740121440475229,0.008275825692188179,0.5822879697397111,0.10046315675573453,5,5,1.4939713920664348e-07,True,False,True
M1,0.1,32,aligned_guard_1p1,233,233,0.5822879697397111,0.00823767235615537,0.5905256420958664,0.10003394323616388,5,5,1.454741376590167e-07,True,False,True
M1,0.1,32,aligned_guard_1p1,234,234,0.5905256420958664,0.008234877172348956,0.5987605192682154,0.09966222490443484,5,5,1.4322727166850582e-07,True,False,True
M1,0.1,32,aligned_guard_1p1,235,235,0.5987605192682154,0.008262786808387332,0.6070233060766027,0.09933569087548619,5,5,1.41828594451629e-07,True,False,True
M1,0.1,32,aligned_guard_1p1,236,236,0.6070233060766027,0.008318044335891766,0.6153413504124945,0.09904510080628665,5,5,1.407704698124119e-07,True,False,True
M1,0.1,32,aligned_guard_1p1,237,237,0.6153413504124945,0.00839823905289397,0.6237395894653884,0.09878338953450296,5,5,1.3969847303743299e-07,True,False,True
M1,0.1,32,aligned_guard_1p1,238,238,0.6237395894653884,0.008501671275372307,0.6322412607407607,0.09854505122993797,5,5,1.3837504814620896e-07,True,False,True
M1,0.1,32,aligned_guard_1p1,239,239,0.6322412607407607,0.008627192506638529,0.6408684532473993,0.09832572248414466,5,5,1.3661992473495654e-07,True,False,True
M1,0.1,32,aligned_guard_1p1,240,240,0.6408684532473993,0.008774095209958607,0.6496425484573579,0.098121893473074,5,5,1.3438077823334464e-07,True,False,True
M1,0.1,32,aligned_guard_1p1,241,241,0.6496425484573579,0.008942036175001392,0.6585845846323594,0.09793070316723988,5,5,1.3175357623798624e-07,True,False,True
M1,0.1,32,aligned_guard_1p1,242,242,0.6585845846323594,0.009130983323718965,0.6677155679560783,0.09774979114779736,5,5,1.290583508971552e-07,True,False,True
M1,0.1,32,aligned_guard_1p1,243,243,0.6677155679560783,0.009341179368775274,0.6770567473248537,0.09757718848905272,5,5,1.269826349627778e-07,True,False,True
M1,0.1,32,aligned_guard_1p1,244,244,0.6770567473248537,0.009573117972981228,0.6866298652978349,0.09741123622586806,5,5,1.2667540979974783e-07,True,False,True
M1,0.1,32,aligned_guard_1p1,245,245,0.6866298652978349,0.009827529496478186,0.696457394794313,0.09725052372402719,5,5,1.2976547002415588e-07,True,False,True
M1,0.1,32,aligned_guard_1p1,246,246,0.696457394794313,0.010105374367305488,0.7065627691616185,0.09709384170419423,5,5,1.380982058630345e-07,True,False,True
M1,0.1,32,aligned_guard_1p1,247,247,0.7065627691616185,0.010407842752882814,0.7169706119145014,0.10200134414801319,5,5,1.5315665694230641e-07,True,False,True
M1,0.1,32,aligned_guard_1p1,248,248,0.7169706119145014,0.010203632942111128,0.7271742448566125,0.10165001574736768,5,5,1.3767666287633853e-07,True,False,True
M1,0.1,32,aligned_guard_1p1,249,249,0.7271742448566125,0.01003800429059487,0.7372122491472074,0.10104107724461818,5,5,1.2727171970119017e-07,True,False,True
M1,0.1,32,aligned_guard_1p1,250,250,0.7372122491472074,0.009934577663194433,0.7471468268104018,0.10051249319500662,5,5,1.2102512242397843e-07,True,False,True
M1,0.1,32,aligned_guard_1p1,251,251,0.7471468268104018,0.009883923229244876,0.7570307500396467,0.1000620485536802,5,5,1.1711019482780548e-07,True,False,True
M1,0.1,32,aligned_guard_1p1,252,252,0.7570307500396467,0.009877794200807768,0.7669085442404545,0.09967271035986318,5,5,1.1442688105374178e-07,True,False,True
M1,0.1,32,aligned_guard_1p1,253,253,0.7669085442404545,0.009910229354799826,0.7768187735952543,0.09933121000722067,5,5,1.1233915174830471e-07,True,False,True
M1,0.1,32,aligned_guard_1p1,254,254,0.7768187735952543,0.009976954226249155,0.7867957278215034,0.09902764258081627,5,5,1.1046311645645468e-07,True,False,True
M1,0.1,32,aligned_guard_1p1,255,255,0.7867957278215034,0.010074918443208403,0.7968706462647118,0.09875448166058629,5,5,1.0853486176456681e-07,True,False,True
M1,0.1,32,aligned_guard_1p1,256,256,0.7968706462647118,0.010201986050451202,0.807072632315163,0.09850589702348576,5,5,1.0641106270351765e-07,True,False,True
M1,0.1,32,aligned_guard_1p1,257,257,0.807072632315163,0.010356726204948772,0.8174293585201118,0.09827729549718564,5,5,1.0403704223070884e-07,True,False,True
M1,0.1,32,aligned_guard_1p1,258,258,0.8174293585201118,0.010538269447235,0.8279676279673468,0.0980650048649212,5,5,1.0152485731791952e-07,True,False,True
M1,0.1,32,aligned_guard_1p1,259,259,0.8279676279673468,0.010746208050212052,0.8387138360175589,0.09786605108105564,5,5,9.918966733279009e-08,True,False,True
M1,0.1,32,aligned_guard_1p1,260,260,0.8387138360175589,0.010980526884968226,0.8496943629025271,0.09767799800495572,5,5,9.76452913523528e-08,True,False,True
M1,0.1,32,aligned_guard_1p1,261,261,0.8496943629025271,0.01124155604050272,0.8609359189430298,0.0974988300867333,5,5,9.787411563358038e-08,True,False,True
M1,0.1,32,aligned_guard_1p1,262,262,0.8609359189430298,0.011529939416198558,0.8724658583592283,0.09732686524375238,5,5,1.0115610715525254e-07,True,False,True
M1,0.1,32,aligned_guard_1p1,263,263,0.8724658583592283,0.011846615410166713,0.884312473769395,0.09716068939517113,5,5,1.0878700634210475e-07,True,False,True
M1,0.1,32,aligned_guard_1p1,264,264,0.884312473769395,0.012192807074458127,0.8965052808438532,0.10139447259703732,5,5,1.2162937701676262e-07,True,False,True
M1,0.1,32,aligned_guard_1p1,265,265,0.8965052808438532,0.012025120070316727,0.9085304009141699,0.101626491515612,5,5,1.1317887810769586e-07,True,False,True
M1,0.1,32,aligned_guard_1p1,266,266,0.9085304009141699,0.011832662813582827,0.9203630637277528,0.10103728823494702,5,5,1.0479216957946974e-07,True,False,True
M1,0.1,32,aligned_guard_1p1,267,267,0.9203630637277528,0.011711184078958799,0.9320742478067116,0.10049572465473194,5,5,9.930484189718816e-08,True,False,True
M1,0.1,32,aligned_guard_1p1,268,268,0.9320742478067116,0.011653415226562444,0.943727663033274,0.1000327674175661,5,5,9.552387315604044e-08,True,False,True
M1,0.1,32,aligned_guard_1p1,269,269,0.943727663033274,0.011649597954156035,0.95537726098743,0.0996326741672481,5,5,9.264361034022164e-08,True,False,True
M1,0.1,32,aligned_guard_1p1,270,270,0.95537726098743,0.011692547702373693,0.9670698086898037,0.09928178732016765,5,5,9.018690680820219e-08,True,False,True
M1,0.1,32,aligned_guard_1p1,271,271,0.9670698086898037,0.011777132561752869,0.9788469412515566,0.09896987421388759,5,5,8.78693232834522e-08,True,False,True
M1,0.1,32,aligned_guard_1p1,272,272,0.9788469412515566,0.011899714590220512,0.9907466558417771,0.09868918608041208,5,5,8.552463808680141e-08,True,False,True
M1,0.1,32,aligned_guard_1p1,273,273,0.9907466558417771,0.012057769511367344,1.0028044253531445,0.09843374479720118,5,5,8.311446717164426e-08,True,False,True
M1,0.1,32,aligned_guard_1p1,274,274,1.0028044253531445,0.012249629978224897,1.0150540553313694,0.09819886127718658,5,5,8.073957659698537e-08,True,False,True
M1,0.1,32,aligned_guard_1p1,275,275,1.0150540553313694,0.012474309598812745,1.027528364930182,0.09798080482221029,5,5,7.868544526263128e-08,True,False,True
M1,0.1,32,aligned_guard_1p1,276,276,1.027528364930182,0.012731381030649658,1.0402597459608318,0.09777657079709619,5,5,7.749239010281282e-08,True,False,True
M1,0.1,32,aligned_guard_1p1,277,277,1.0402597459608318,0.013020891330981063,1.0532806372918129,0.0975837139953506,5,5,7.797492778336308e-08,True,False,True
M1,0.1,32,aligned_guard_1p1,278,278,1.0532806372918129,0.01334330371111049,1.0666239410029235,0.09740022698817152,5,5,8.112459923162675e-08,True,False,True
M1,0.1,32,aligned_guard_1p1,279,279,1.0666239410029235,0.01369945853691997,1.0803233995398434,0.09722444994064969,5,5,8.782421360080399e-08,True,False,True
M1,0.1,32,aligned_guard_1p1,280,280,1.0803233995398434,0.014090548771716121,1.0944139483115596,0.10079059679285053,5,5,9.855059832257536e-08,True,False,True
M1,0.1,32,aligned_guard_1p1,281,281,1.0944139483115596,0.013980023156997142,1.1083939714685567,0.10160429235394056,5,5,9.455406792760929e-08,True,False,True
M1,0.1,32,aligned_guard_1p1,282,282,1.1083939714685567,0.013759284015578256,1.122153255484135,0.10103406313936689,5,5,8.745117120158571e-08,True,False,True
M1,0.1,32,aligned_guard_1p1,283,283,1.122153255484135,0.01361846053503622,1.1357717160191712,0.1004789800500479,5,5,8.243765184052206e-08,True,False,True
M1,0.1,32,aligned_guard_1p1,284,284,1.1357717160191712,0.0135535417738645,1.1493252577930357,0.1000032506141675,5,5,7.875585730343499e-08,True,False,True
M1,0.1,32,aligned_guard_1p1,285,285,1.1493252577930357,0.013553101214836277,1.162878359007872,0.09959236627739018,5,5,7.578378601001109e-08,True,False,True
M1,0.1,32,aligned_guard_1p1,286,286,1.162878359007872,0.013608574353065806,1.1764869333609378,0.09923223799685024,5,5,7.314866493755503e-08,True,False,True
M1,0.1,32,aligned_guard_1p1,287,287,1.1764869333609378,0.01371386419149164,1.1902007975524294,0.09891228051205918,5,5,7.065531847943319e-08,True,False,True
M1,0.1,32,aligned_guard_1p1,288,288,1.1902007975524294,0.013864672941010266,1.2040654704934397,0.09862450898863619,5,5,6.823544179060584e-08,True,False,True
M1,0.1,32,aligned_guard_1p1,289,289,1.2040654704934397,0.014058040017829438,1.218123510511269,0.09836279057463393,5,5,6.59509568408922e-08,True,False,True
M1,0.1,32,aligned_guard_1p1,290,290,1.218123510511269,0.014292030488056086,1.2324155409993252,0.09812233775087364,5,5,6.403920413235305e-08,True,False,True
M1,0.1,32,aligned_guard_1p1,291,291,1.2324155409993252,0.014565521792135284,1.2469810627914604,0.09789936146707141,5,5,6.293763710315886e-08,True,False,True
M1,0.1,32,aligned_guard_1p1,292,292,1.2469810627914604,0.014878055968765862,1.2618591187602262,0.09769082807505819,5,5,6.329590183243509e-08,True,False,True
M1,0.1,32,aligned_guard_1p1,293,293,1.2618591187602262,0.015229736774607643,1.2770888555348339,0.0974942853240161,5,5,6.586790552429442e-08,True,False,True
M1,0.1,32,aligned_guard_1p1,294,294,1.2770888555348339,0.015621158434048288,1.292710013968882,0.09730773539167471,5,5,7.129599295217772e-08,True,False,True
M1,0.1,32,aligned_guard_1p1,295,295,1.292710013968882,0.016053357290837515,1.3087633712597195,0.09968395627128523,5,5,7.983573922146757e-08,True,False,True
M1,0.1,32,aligned_guard_1p1,296,296,1.3087633712597195,0.016104253774949555,1.3248676250346691,0.10162928757991509,5,5,8.069847723454037e-08,True,False,True
M1,0.1,32,aligned_guard_1p1,297,297,1.3248676250346691,0.01584607563276103,1.3407137006674301,0.10110021818537772,5,5,7.435793947596371e-08,True,False,True
M1,0.1,32,aligned_guard_1p1,298,298,1.3407137006674301,0.01567363148881203,1.356387332156242,0.10052220786095793,5,5,6.95693799689201e-08,True,False,True
M1,0.1,32,aligned_guard_1p1,299,299,1.356387332156242,0.015592207754222587,1.3719795399104646,0.10002513322391268,5,5,6.593988056720298e-08,True,False,True
M1,0.1,32,aligned_guard_1p1,300,300,1.3719795399104646,0.01558828991441424,1.3875678298248788,0.0995969353788235,5,5,6.294499123522955e-08,True,False,True
M1,0.1,32,aligned_guard_1p1,301,301,1.3875678298248788,0.01565137507004925,1.4032192048949281,0.09922262990697814,5,5,6.028994619937604e-08,True,False,True
M1,0.1,32,aligned_guard_1p1,302,302,1.4032192048949281,0.01577399740837601,1.418993202303304,0.09889089373723689,5,5,5.7839700528610714e-08,True,False,True
M1,0.1,32,aligned_guard_1p1,303,303,1.418993202303304,0.01595090994959467,1.4349441122528988,0.09859323665744839,5,5,5.5594637047806046e-08,True,False,True
M1,0.1,32,aligned_guard_1p1,304,304,1.4349441122528988,0.016178503202014145,1.4511226154549128,0.0983231803725523,5,5,5.370375428927517e-08,True,False,True
M1,0.1,32,aligned_guard_1p1,305,305,1.4511226154549128,0.016454414046324424,1.4675770295012374,0.09807570055128151,5,5,5.248328545680187e-08,True,False,True
M1,0.1,32,aligned_guard_1p1,306,306,1.4675770295012374,0.016777258743842255,1.4843542882450795,0.0978468467992693,5,5,5.241915117807459e-08,True,False,True
M1,0.1,32,aligned_guard_1p1,307,307,1.4843542882450795,0.017146448038596933,1.5015007362836765,0.09763347756341428,5,5,5.4087070138813264e-08,True,False,True
M1,0.1,32,aligned_guard_1p1,308,308,1.5015007362836765,0.01756205808346843,1.5190627943671449,0.09743307089538768,5,5,5.798736717043073e-08,True,False,True
M1,0.1,32,aligned_guard_1p1,309,309,1.5190627943671449,0.018024740390585173,1.53708753475773,0.0976688819981116,5,5,6.432424251208406e-08,True,False,True
M1,0.1,32,aligned_guard_1p1,310,310,1.53708753475773,0.018454946981919663,1.5555424817396497,0.10174992568289522,5,5,7.144260314463953e-08,True,False,True
M1,0.1,32,aligned_guard_1p1,311,311,1.5555424817396497,0.01813755327884436,1.573680035018494,0.10130386691949954,5,5,6.532518060860452e-08,True,False,True
M1,0.1,32,aligned_guard_1p1,312,312,1.573680035018494,0.017904107543354936,1.591584142561849,0.10068354513530207,5,5,6.040811856828129e-08,True,False,True
M1,0.1,32,aligned_guard_1p1,313,313,1.591584142561849,0.017782555748602984,1.609366698310452,0.10014750035077129,5,5,5.6676277710808784e-08,True,False,True
M1,0.1,32,aligned_guard_1p1,314,314,1.609366698310452,0.017756365047873143,1.6271230633583251,0.09968853042990017,5,5,5.363072543407422e-08,True,False,True
M1,0.1,32,aligned_guard_1p1,315,315,1.6271230633583251,0.017811843520312717,1.6449349068786379,0.09928974772509627,5,5,5.0989418573599093e-08,True,False,True
M1,0.1,32,aligned_guard_1p1,316,316,1.6449349068786379,0.017939257504841693,1.6628741643834795,0.09893826544976732,5,5,4.86401673559108e-08,True,False,True
M1,0.1,32,aligned_guard_1p1,317,317,1.6628741643834795,0.018131768758317044,1.6810059331417966,0.09862451540618498,5,5,4.661422731048967e-08,True,False,True
M1,0.1,32,aligned_guard_1p1,318,318,1.6810059331417966,0.018384646741878903,1.6993905798836755,0.09834127063809724,5,5,4.508376725764657e-08,True,False,True
M1,0.1,32,aligned_guard_1p1,319,319,1.6993905798836755,0.018694741915157565,1.718085321798833,0.09808297829381533,5,5,4.436872209066714e-08,True,False,True
M1,0.1,32,aligned_guard_1p1,320,320,1.718085321798833,0.019060128719945665,1.7371454505187787,0.09784530984958101,5,5,4.4893169788505645e-08,True,False,True
M1,0.1,32,aligned_guard_1p1,321,321,1.7371454505187787,0.019479859330250038,1.7566253098490288,0.0976248502322264,5,5,4.708675906025894e-08,True,False,True
M1,0.1,32,aligned_guard_1p1,322,322,1.7566253098490288,0.01995379176911623,1.776579101618145,0.09741887740404465,5,5,5.119334262999478e-08,True,False,True
M1,0.1,32,aligned_guard_1p1,323,323,1.776579101618145,0.020482469415406945,1.7970615710335518,0.09900092875856442,5,5,5.717533864353356e-08,True,False,True
M1,0.1,32,aligned_guard_1p1,324,324,1.7970615710335518,0.020689168952503424,1.8177507399860553,0.10155300113792702,5,5,5.940974824609677e-08,True,False,True
M1,0.1,32,aligned_guard_1p1,325,325,1.8177507399860553,0.020372779455728598,1.838123519441784,0.10103716414082645,5,5,5.435425655813035e-08,True,False,True
M1,0.1,32,aligned_guard_1p1,326,326,1.838123519441784,0.020163649315545762,1.8582871687573297,0.10043965570260835,5,5,5.026255050439039e-08,True,False,True
M1,0.1,32,aligned_guard_1p1,327,327,1.8582871687573297,0.020075386732953653,1.8783625554902834,0.09992519102480302,5,5,4.7020126273775263e-08,True,False,True
M1,0.1,32,aligned_guard_1p1,328,328,1.8783625554902834,0.020090416167401298,1.8984529716576848,0.09948270261074099,5,5,4.4309214065586084e-08,True,False,True
M1,0.1,32,aligned_guard_1p1,329,329,1.8984529716576848,0.02019488377392772,1.9186478554316124,0.09909658079279236,5,5,4.198329544268097e-08,True,False,True
M1,0.1,32,aligned_guard_1p1,330,330,1.9186478554316124,0.02037899149734999,1.9390268469289624,0.09875504588025967,5,5,4.00457379984841e-08,True,False,True
M1,0.1,32,aligned_guard_1p1,331,331,1.9390268469289624,0.02063589897174417,1.9596627459007065,0.09844932293460473,5,5,3.863765835730057e-08,True,False,True
M1,0.1,32,aligned_guard_1p1,332,332,1.9596627459007065,0.020960935389521807,1.9806236812902283,0.09817276321858226,5,5,3.8025598939305795e-08,True,False,True
M1,0.1,32,aligned_guard_1p1,333,333,1.9806236812902283,0.02135106999367244,2.0019747512839006,0.09792024694054083,5,5,3.8547903692691435e-08,True,False,True
M1,0.1,32,aligned_guard_1p1,334,334,2.0019747512839006,0.021804550806164988,2.0237793020900656,0.09768777699260102,5,5,4.051018235833885e-08,True,False,True
M1,0.1,32,aligned_guard_1p1,335,335,2.0237793020900656,0.022320654105801273,2.046099956195867,0.09747219520963328,5,5,4.4047373451015736e-08,True,False,True
M1,0.1,32,aligned_guard_1p1,336,336,2.046099956195867,0.02289950899104743,2.068999465186914,0.09874699414554802,5,5,4.9045378689553285e-08,True,False,True
M1,0.1,32,aligned_guard_1p1,337,337,2.068999465186914,0.023190082077126042,2.09218954726404,0.10150795227034459,5,5,5.1395256451172424e-08,True,False,True
M1,0.1,32,aligned_guard_1p1,338,338,2.09218954726404,0.022845581610556234,2.1150351288745965,0.10099507839141497,5,5,4.685560303616558e-08,True,False,True
M1,0.1,32,aligned_guard_1p1,339,339,2.1150351288745965,0.022620490002509083,2.1376556188771056,0.10038988323723305,5,5,4.311551349017896e-08,True,False,True
M1,0.1,32,aligned_guard_1p1,340,340,2.1376556188771056,0.02253263902006362,2.160188257897169,0.09986883155989355,5,5,4.014019511137476e-08,True,False,True
M1,0.1,32,aligned_guard_1p1,341,341,2.160188257897169,0.022562233549864155,2.1827504914470333,0.09942110871959046,5,5,3.768742668936239e-08,True,False,True
M1,0.1,32,aligned_guard_1p1,342,342,2.1827504914470333,0.022693604849548788,2.2054440962965822,0.09903085838514375,5,5,3.5674563951591386e-08,True,False,True
M1,0.1,32,aligned_guard_1p1,343,343,2.2054440962965822,0.02291569034097477,2.228359786637557,0.09868613051168507,5,5,3.4159277524195426e-08,True,False,True
M1,0.1,32,aligned_guard_1p1,344,344,2.228359786637557,0.023220781098780043,2.251580567736337,0.0983780467073586,5,5,3.331706833215119e-08,True,False,True
M1,0.1,32,aligned_guard_1p1,345,345,2.251580567736337,0.023603620803586405,2.2751841885399235,0.09809989682324301,5,5,3.33986486819473e-08,True,False,True
M1,0.1,32,aligned_guard_1p1,346,346,2.2751841885399235,0.024060800844791463,2.299244989384715,0.09784652475386658,5,5,3.4644653282808593e-08,True,False,True
M1,0.1,32,aligned_guard_1p1,347,347,2.299244989384715,0.024590347899750686,2.3238353372844656,0.0976139104390729,5,5,3.7180623161242425e-08,True,False,True
M1,0.1,32,aligned_guard_1p1,348,348,2.3238353372844656,0.02519143817632334,2.3490267754607888,0.09739887737865244,5,5,4.0933348910020724e-08,True,False,True
M1,0.1,32,aligned_guard_1p1,349,349,2.3490267754607888,0.025864197672821145,2.37489097313361,0.10102762234355363,5,5,4.564020566804642e-08,True,False,True
M1,0.1,32,aligned_guard_1p1,350,350,2.37489097313361,0.025601114895951512,2.4004920880295613,0.10118819280357348,5,5,4.2494277796756846e-08,True,False,True
M1,0.1,32,aligned_guard_1p1,351,351,2.4004920880295613,0.02530049622059008,2.4257925842501513,0.10057330270778876,5,5,3.873034787525878e-08,True,False,True
M1,0.1,32,aligned_guard_1p1,352,352,2.4257925842501513,0.02515627461703186,2.450948858867183,0.10001283521719154,5,5,3.5747078820945776e-08,True,False,True
M1,0.1,32,aligned_guard_1p1,353,353,2.450948858867183,0.02515304616892579,2.476101905036109,0.09953306810476964,5,5,3.335867249287183e-08,True,False,True
M1,0.1,32,aligned_guard_1p1,354,354,2.476101905036109,0.02527104473706106,2.5013729497731703,0.09911779307722972,5,5,3.147019020762778e-08,True,False,True
M1,0.1,32,aligned_guard_1p1,355,355,2.5013729497731703,0.025495971966779562,2.52686892173995,0.09875337994308929,5,5,3.012260608469095e-08,True,False,True
M1,0.1,32,aligned_guard_1p1,356,356,2.52686892173995,0.025817822115529278,2.5526867438554794,0.09842973095639812,5,5,2.9461426264682677e-08,True,False,True
M1,0.1,32,aligned_guard_1p1,357,357,2.5526867438554794,0.02622969895850464,2.578916442813984,0.0981392816320684,5,5,2.9675878457693583e-08,True,False,True
M1,0.1,32,aligned_guard_1p1,358,358,2.578916442813984,0.02672701340615246,2.6056434562201365,0.09787626333754436,5,5,3.091983439738619e-08,True,False,True
M1,0.1,32,aligned_guard_1p1,359,359,2.6056434562201365,0.02730694092190608,2.6329503971420425,0.09763620414282391,5,5,3.322807411433138e-08,True,False,True
M1,0.1,32,aligned_guard_1p1,360,360,2.6329503971420425,0.027968048493529123,2.6609184456355717,0.09741558305336556,5,5,3.646221418503729e-08,True,False,True
M1,0.1,32,aligned_guard_1p1,361,361,2.6609184456355717,0.028710035516810336,2.689628481152382,0.10136093172876882,5,5,4.035293246357426e-08,True,False,True
M1,0.1,32,aligned_guard_1p1,362,362,2.689628481152382,0.02832455762505752,2.7179530387774395,0.10106577775032245,5,5,3.6665911385738043e-08,True,False,True
M1,0.1,32,aligned_guard_1p1,363,363,2.7179530387774395,0.02802586420007751,2.7459789029775172,0.10043338174472553,5,5,3.328127418269703e-08,True,False,True
M1,0.1,32,aligned_guard_1p1,364,364,2.7459789029775172,0.027904929330480648,2.7738838323079977,0.09988020238813304,5,5,3.063644747421799e-08,True,False,True
M1,0.1,32,aligned_guard_1p1,365,365,2.7738838323079977,0.027938398865114924,2.8018222311731127,0.09940737703127574,5,5,2.8570462062466865e-08,True,False,True
M1,0.1,32,aligned_guard_1p1,366,366,2.8018222311731127,0.028104955285486403,2.8299271864585993,0.09899787540964007,5,5,2.7046663887531527e-08,True,False,True
M1,0.1,32,aligned_guard_1p1,367,367,2.8299271864585993,0.0283894529748157,2.858316639433415,0.09863846729056244,5,5,2.6139431288380597e-08,True,False,True
M1,0.1,32,aligned_guard_1p1,368,368,2.858316639433415,0.02878132006166316,2.8870979594950783,0.09831938694079898,5,5,2.59868239287188e-08,True,False,True
M1,0.1,32,aligned_guard_1p1,369,369,2.8870979594950783,0.02927329080987176,2.91637125030495,0.09803330638438625,5,5,2.6713380028457836e-08,True,False,True
M1,0.1,32,aligned_guard_1p1,370,370,2.91637125030495,0.029860556467504924,2.9462318067724547,0.09777462178638101,5,5,2.835027316503968e-08,True,False,True
M1,0.1,32,aligned_guard_1p1,371,371,2.9462318067724547,0.030540191229524335,2.976771998001979,0.09753897018965378,5,5,3.0793282770266246e-08,True,False,True
M1,0.1,32,aligned_guard_1p1,372,372,2.976771998001979,0.03131075832576692,3.008082756327746,0.09975968467349311,5,5,3.3818380761903066e-08,True,False,True
M1,0.1,32,aligned_guard_1p1,373,373,3.008082756327746,0.03138618413665297,3.039468940464399,0.10116850300217672,5,5,3.30949945996744e-08,True,False,True
M1,0.1,32,aligned_guard_1p1,374,374,3.039468940464399,0.031023671602591247,3.07049261206699,0.10059430199376712,5,5,2.989658178802573e-08,True,False,True
M1,0.1,32,aligned_guard_1p1,375,375,3.07049261206699,0.03084038657031836,3.1013329986373086,0.10000847204774659,5,5,2.7326148946011007e-08,True,False,True
M1,0.1,32,aligned_guard_1p1,376,376,3.1013329986373086,0.030837773979382845,3.1321707726166914,0.09950655195993906,5,5,2.5362321621613276e-08,True,False,True
M1,0.1,32,aligned_guard_1p1,377,377,3.1321707726166914,0.030990696966163606,3.163161469582855,0.09907453924852717,5,5,2.396423904633898e-08,True,False,True
M1,0.1,32,aligned_guard_1p1,378,378,3.163161469582855,0.031280182780788764,3.194441652363644,0.09869773025170717,5,5,2.3199829513434663e-08,True,False,True
M1,0.1,32,aligned_guard_1p1,379,379,3.194441652363644,0.031692909959545615,3.2261345623231894,0.09836517002875123,5,5,2.3188803009311533e-08,True,False,True
M1,0.1,32,aligned_guard_1p1,380,380,3.2261345623231894,0.03221964639544879,3.258354208718638,0.09806868955460911,5,5,2.4036025244121882e-08,True,False,True
M1,0.1,32,aligned_guard_1p1,381,381,3.258354208718638,0.03285416226297938,3.2912083709816176,0.09780207560873007,5,5,2.5764416085334207e-08,True,False,True
M1,0.1,32,aligned_guard_1p1,382,382,3.2912083709816176,0.03359250001443398,3.3248008709960515,0.101114752015763,5,5,2.8287803974757834e-08,True,False,True
M1,0.1,32,aligned_guard_1p1,383,383,3.3248008709960515,0.033222155367791606,3.358023026363843,0.10180401191666286,5,5,2.65889159488219e-08,True,False,True
M1,0.1,32,aligned_guard_1p1,384,384,3.358023026363843,0.03263344414656997,3.3906564705104127,0.10115381581683557,5,5,2.4057578728841848e-08,True,False,True
M1,0.1,32,aligned_guard_1p1,385,385,3.3906564705104127,0.03226120921197974,3.4229176797223926,0.10054081724732696,5,5,2.2221877982494638e-08,True,False,True
M1,0.1,32,aligned_guard_1p1,386,386,3.4229176797223926,0.032087673539213706,3.455005353261606,0.1000233912055183,4,4,1.914580791004005e-06,True,False,True
M1,0.1,32,aligned_guard_1p1,387,387,3.455005353261606,0.03208016960081176,3.487085522862418,0.09958260215134997,4,4,1.8605189699141306e-06,True,False,True
M1,0.1,32,aligned_guard_1p1,388,388,3.487085522862418,0.032214632785006886,3.5193001556474246,0.09920138716532276,4,4,1.8315307362361332e-06,True,False,True
M1,0.1,32,aligned_guard_1p1,389,389,3.5193001556474246,0.032473974110180555,3.551774129757605,0.09886715234648157,4,4,1.8245138477773308e-06,True,False,True
M1,0.1,32,aligned_guard_1p1,390,390,3.551774129757605,0.03284607004394643,3.5846201998015514,0.09857050610671457,4,4,1.838815117792511e-06,True,False,True
M1,0.1,32,aligned_guard_1p1,391,391,3.5846201998015514,0.033322411886966025,3.6179426116885174,0.09830429567697808,4,4,1.8748865924344285e-06,True,False,True
M1,0.1,32,aligned_guard_1p1,392,392,3.6179426116885174,0.03389720831372562,3.651839820002243,0.0980629686281585,4,4,1.9331928486611e-06,True,False,True
M1,0.1,32,aligned_guard_1p1,393,393,3.651839820002243,0.034566777640863855,3.686406597643107,0.09784214318675362,5,5,2.1709905622414375e-08,True,False,True
M1,0.1,32,aligned_guard_1p1,394,394,3.686406597643107,0.03532912967256392,3.7217357273156706,0.1008610769418247,5,5,2.3030989317429292e-08,True,False,True
M1,0.1,32,aligned_guard_1p1,395,395,3.7217357273156706,0.03502751581062463,3.7567632431262954,0.10094990418310987,4,4,1.97563507932848e-06,True,False,True
M1,0.1,32,aligned_guard_1p1,396,396,3.7567632431262954,0.034697918828223276,3.7914611619545187,0.10039819419695911,4,4,1.8363862700409545e-06,True,False,True
M1,0.1,32,aligned_guard_1p1,397,397,3.7914611619545187,0.03456030171235313,3.826021463666872,0.09989620076146973,4,4,1.7378018587757486e-06,True,False,True
M1,0.1,32,aligned_guard_1p1,398,398,3.826021463666872,0.034596212317298806,3.860617675984171,0.09946458318377423,4,4,1.6711392732301704e-06,True,False,True
M1,0.1,32,aligned_guard_1p1,399,399,3.860617675984171,0.03478244336818628,3.8954001193523573,0.0990895429267381,4,4,1.6298767342289049e-06,True,False,True
M1,0.1,32,aligned_guard_1p1,400,400,3.8954001193523573,0.03510203230415817,3.9305021516565155,0.09875937309093392,4,4,1.6107061683198373e-06,True,False,True
M1,0.1,32,aligned_guard_1p1,401,401,3.9305021516565155,0.035542988179802976,3.9660451398363183,0.09846524836050856,4,4,1.6122942293370403e-06,True,False,True
M1,0.1,32,aligned_guard_1p1,402,402,3.9660451398363183,0.03609698728395042,4.002142127120269,0.09820044285755715,4,4,1.6342565661616024e-06,True,False,True
M1,0.1,32,aligned_guard_1p1,403,403,4.002142127120269,0.03675847708376452,4.038900604204033,0.09795974447550274,4,4,1.6763353631582476e-06,True,False,True
M1,0.1,32,aligned_guard_1p1,404,404,4.038900604204033,0.03752406386988575,4.076424668073919,0.09877903490958544,4,4,1.7378666775117994e-06,True,False,True
M1,0.1,32,aligned_guard_1p1,405,405,4.076424668073919,0.03798788265569949,4.114412550729619,0.1012307375514428,4,4,1.7469928789386105e-06,True,False,True
M1,0.1,32,aligned_guard_1p1,406,406,4.114412550729619,0.03752603564346753,4.151938586373086,0.10075778986556616,4,4,1.601362173983809e-06,True,False,True
M1,0.1,32,aligned_guard_1p1,407,407,4.151938586373086,0.03724380585713105,4.189182392230218,0.10020697880602793,4,4,1.4932295385635977e-06,True,False,True
M1,0.1,32,aligned_guard_1p1,408,408,4.189182392230218,0.037166878296195735,4.226349270526414,0.09973148310767532,4,4,1.4199308176714515e-06,True,False,True
M1,0.1,32,aligned_guard_1p1,409,409,4.226349270526414,0.03726694634237859,4.263616216868792,0.09932183353559575,4,4,1.3732193617610825e-06,True,False,True
M1,0.1,32,aligned_guard_1p1,410,410,4.263616216868792,0.03752140392074274,4.301137620789535,0.09896418359229028,4,4,1.3480851037453019e-06,True,False,True
M1,0.1,32,aligned_guard_1p1,411,411,4.301137620789535,0.037914124644651555,4.339051745434187,0.0986479539663259,4,4,1.3417701326963958e-06,True,False,True
M1,0.1,32,aligned_guard_1p1,412,412,4.339051745434187,0.03843376686514328,4.37748551229933,0.09836516718885402,4,4,1.3527701011201258e-06,True,False,True
M1,0.1,32,aligned_guard_1p1,413,413,4.37748551229933,0.039072537528811624,4.416558049828142,0.09810970555126809,4,4,1.3801163806218019e-06,True,False,True
M1,0.1,32,aligned_guard_1p1,414,414,4.416558049828142,0.03982535398436593,4.456383403812508,0.09787680025026556,4,4,1.4229182167166997e-06,True,False,True
M1,0.1,32,aligned_guard_1p1,415,415,4.456383403812508,0.04068926842983701,4.497072672242345,0.10038767849846475,4,4,1.480174018633334e-06,True,False,True
M1,0.1,32,aligned_guard_1p1,416,416,4.497072672242345,0.04053213406111317,4.537604806303458,0.10092678790979757,4,4,1.3991061363927424e-06,True,False,True
M1,0.1,32,aligned_guard_1p1,417,417,4.537604806303458,0.040159936623900494,4.577764742927358,0.10039707471890616,4,4,1.2954017980582308e-06,True,False,True
M1,0.1,32,aligned_guard_1p1,418,418,4.577764742927358,0.04000110235914854,4.617765845286507,0.0998922194188078,4,4,1.2224096583247838e-06,True,False,True
M1,0.1,32,aligned_guard_1p1,419,419,4.617765845286507,0.04004426229778723,4.657810107584294,0.0994569760481856,4,4,1.17461819323729e-06,True,False,True
M1,0.1,32,aligned_guard_1p1,420,420,4.657810107584294,0.040262899485689486,4.698073007069984,0.09907871075773775,4,4,1.146657203829939e-06,True,False,True
M1,0.1,32,aligned_guard_1p1,421,421,4.698073007069984,0.04063728643395279,4.738710293503936,0.09874563732918525,4,4,1.1351170847250313e-06,True,False,True
M1,0.1,32,aligned_guard_1p1,422,422,4.738710293503936,0.04115350058299947,4.7798637940869355,0.09844881976235995,4,4,1.1377291239987838e-06,True,False,True
M1,0.1,32,aligned_guard_1p1,423,423,4.7798637940869355,0.04180192376337024,4.821665717850306,0.0981814410914146,4,4,1.1527535519916066e-06,True,False,True
M1,0.1,32,aligned_guard_1p1,424,424,4.821665717850306,0.04257619698660705,4.864241914836913,0.09793821133033179,4,4,1.178613538526064e-06,True,False,True
M1,0.1,32,aligned_guard_1p1,425,425,4.864241914836913,0.043472508235834054,4.907714423072747,0.09771496040091386,4,4,1.2138105208582148e-06,True,False,True
M1,0.1,32,aligned_guard_1p1,426,426,4.907714423072747,0.04448910182992561,4.952203524902672,0.0975083543651767,4,4,1.2570736233251742e-06,True,False,True
M1,0.1,32,aligned_guard_1p1,427,427,4.952203524902672,0.045625938535800034,4.997829463438473,0.09955397336618203,4,4,1.3077105243623698e-06,True,False,True
M1,0.1,32,aligned_guard_1p1,428,428,4.997829463438473,0.0021705365615272143,5.0,0.004983425850099455,3,3,1.956283723325099e-08,True,False,True
