model,eta_target,grid,variant,step,time,dt,eta_measured,linear_iters,nonlinear_iters,final_residual_norm,rejections_before_accept
M1,0.1,64,aligned_guard_1p1,1,1e-06,1e-06,0.0317729788711913,6,6,2.1400153354225402e-08,0
M1,0.1,64,aligned_guard_1p1,2,2.1000000000000002e-06,1.1e-06,0.03419282136640598,6,6,2.6129666334396414e-08,0
M1,0.1,64,aligned_guard_1p1,3,3.3100000000000005e-06,1.21e-06,0.03671927598515907,6,6,3.337779208569921e-08,0
M1,0.1,64,aligned_guard_1p1,4,4.641000000000001e-06,1.3310000000000003e-06,0.03934428335460413,6,6,4.206644516068192e-08,0
M1,0.1,64,aligned_guard_1p1,5,6.105100000000001e-06,1.4641000000000003e-06,0.042057818174382304,6,6,5.1581321257506305e-08,0
M1,0.1,64,aligned_guard_1p1,6,7.715610000000002e-06,1.6105100000000006e-06,0.04484795419275653,6,6,6.252246698910582e-08,0
M1,0.1,64,aligned_guard_1p1,7,9.487171000000002e-06,1.7715610000000007e-06,0.04770100563314914,6,6,7.380193410565855e-08,0
M1,0.1,64,aligned_guard_1p1,8,1.1435888100000002e-05,1.948717100000001e-06,0.050601745670060747,6,6,8.734669670531098e-08,0
M1,0.1,64,aligned_guard_1p1,9,1.3579476910000003e-05,2.1435888100000012e-06,0.05353369719907422,6,6,1.018182656937509e-07,0
M1,0.1,64,aligned_guard_1p1,10,1.5937424601000003e-05,2.3579476910000015e-06,0.056479485635228394,6,6,1.1737065007939216e-07,0
M1,0.1,64,aligned_guard_1p1,11,1.8531167061100006e-05,2.5937424601000017e-06,0.05942123841353428,6,6,1.3288242155031517e-07,0
M1,0.1,64,aligned_guard_1p1,12,2.1384283767210007e-05,2.853116706110002e-06,0.06234101186197255,6,6,1.492302539549691e-07,0
M1,0.1,64,aligned_guard_1p1,13,2.452271214393101e-05,3.1384283767210024e-06,0.06522122367984266,6,6,1.654802356464989e-07,0
M1,0.1,64,aligned_guard_1p1,14,2.7974983358324114e-05,3.452271214393103e-06,0.06804506870403029,6,6,1.818563262325564e-07,0
M1,0.1,64,aligned_guard_1p1,15,3.177248169415653e-05,3.7974983358324136e-06,0.07079689705746393,6,6,1.982992099291321e-07,0
M1,0.1,64,aligned_guard_1p1,16,3.5949729863572185e-05,4.177248169415655e-06,0.07346253696226519,6,6,2.1361556982185171e-07,0
M1,0.1,64,aligned_guard_1p1,17,4.0544702849929404e-05,4.594972986357221e-06,0.0760295490534229,6,6,2.2770766725113193e-07,0
M1,0.1,64,aligned_guard_1p1,18,4.559917313492235e-05,5.0544702849929435e-06,0.07848740438392723,6,6,2.4183336139079597e-07,0
M1,0.1,64,aligned_guard_1p1,19,5.115909044841459e-05,5.559917313492238e-06,0.08082758385031083,6,6,2.5431519689231745e-07,0
M1,0.1,64,aligned_guard_1p1,20,5.727499949325605e-05,6.115909044841462e-06,0.08304360191106229,6,6,2.651827629483878e-07,0
M1,0.1,64,aligned_guard_1p1,21,6.400249944258165e-05,6.727499949325609e-06,0.08513096176175423,6,6,2.74165461262821e-07,0
M1,0.1,64,aligned_guard_1p1,22,7.140274938683982e-05,7.40024994425817e-06,0.08708705227908116,6,6,2.8154499284765114e-07,0
M1,0.1,64,aligned_guard_1p1,23,7.954302432552381e-05,8.140274938683989e-06,0.08891099893928082,6,6,2.873151808980229e-07,0
M1,0.1,64,aligned_guard_1p1,24,8.84973267580762e-05,8.954302432552388e-06,0.09060348160284101,6,6,2.9134816764854146e-07,0
M1,0.1,64,aligned_guard_1p1,25,9.834705943388383e-05,9.849732675807628e-06,0.09216653170626748,6,6,2.9426311997361405e-07,0
M1,0.1,64,aligned_guard_1p1,26,0.00010903394597877247,1.0686886544888647e-05,0.09243412194848172,6,6,2.7329852746008203e-07,0
M1,0.1,64,aligned_guard_1p1,27,0.0001205955709713753,1.1561624992602837e-05,0.09240722159517598,6,6,2.5101658375827684e-07,0
M1,0.1,64,aligned_guard_1p1,28,0.00013310717427793593,1.2511603306560621e-05,0.09237949193802183,6,6,2.309373569754802e-07,0
M1,0.1,64,aligned_guard_1p1,29,0.00014665087650456732,1.3543702226631382e-05,0.0923532655920279,6,6,2.1360511128828125e-07,0
M1,0.1,64,aligned_guard_1p1,30,0.00016131598026652947,1.4665103761962151e-05,0.09232833496264302,6,6,1.9896450793003616e-07,0
M1,0.1,64,aligned_guard_1p1,31,0.00017719962396907843,1.5883643702548956e-05,0.09230450004353696,6,6,1.8592531286466318e-07,0
M1,0.1,64,aligned_guard_1p1,32,0.0001944074997444276,1.7207875775349166e-05,0.09228158513452689,6,6,1.7382609444561155e-07,0
M1,0.1,64,aligned_guard_1p1,33,0.00021305463909543002,1.8647139351002423e-05,0.09225943460918984,6,6,1.631254181572964e-07,0
M1,0.1,64,aligned_guard_1p1,34,0.00023326627320091912,2.0211634105489095e-05,0.0922379092674348,6,6,1.54429070598655e-07,0
M1,0.1,64,aligned_guard_1p1,35,0.00025517877562645375,2.1912502425534644e-05,0.09221688328042828,6,6,1.4692346126058553e-07,0
M1,0.1,64,aligned_guard_1p1,36,0.00027894069605364873,2.3761920427194987e-05,0.09219624159176218,6,6,1.4035752272673696e-07,0
M1,0.1,64,aligned_guard_1p1,37,0.0003047138946319714,2.5773198578322675e-05,0.09217587766620068,6,6,1.357610655605804e-07,0
M1,0.1,64,aligned_guard_1p1,38,0.0003326747876886732,2.7960893056701825e-05,0.09215569149824403,6,6,1.3197241402625459e-07,0
M1,0.1,64,aligned_guard_1p1,39,0.00036301571682947903,3.0340929140805813e-05,0.09213558780769843,6,6,1.2934153495083887e-07,0
M1,0.1,64,aligned_guard_1p1,40,0.0003959464549543957,3.293073812491666e-05,0.09211547435994356,6,6,1.2951089492093714e-07,0
M1,0.1,64,aligned_guard_1p1,41,0.0004316958644360632,3.5749409481667506e-05,0.09209526035573067,6,6,1.30250120444553e-07,0
M1,0.1,64,aligned_guard_1p1,42,0.00047051372470767813,3.881786027161493e-05,0.09207485484002151,6,6,1.3318534441658662e-07,0
M1,0.1,64,aligned_guard_1p1,43,0.0005126727488397936,4.215902413211544e-05,0.09205416508235964,6,6,1.369562352262876e-07,0
M1,0.1,64,aligned_guard_1p1,44,0.0005584708114200108,4.5798062580217115e-05,0.09203309488326766,6,6,1.4274831932899016e-07,0
M1,0.1,64,aligned_guard_1p1,45,0.0006082334132735137,4.976260185350299e-05,0.09201154276305581,6,6,1.4941891276461349e-07,0
M1,0.1,64,aligned_guard_1p1,46,0.000662316412383364,5.408299910985029e-05,0.09198939999203451,6,6,1.57627460611316e-07,0
M1,0.1,64,aligned_guard_1p1,47,0.0007211090549210188,5.8792642537654785e-05,0.09196654842549752,6,6,1.6710383988958432e-07,0
M1,0.1,64,aligned_guard_1p1,48,0.0007850373457443751,6.392829082335623e-05,0.09194285811380973,6,6,1.777822642128665e-07,0
M1,0.1,64,aligned_guard_1p1,49,0.0008545678042648443,6.95304585204691e-05,0.09191818466814819,6,6,1.8908512629457012e-07,0
M1,0.1,64,aligned_guard_1p1,50,0.0009302116594731413,7.564385520829704e-05,0.09189236637565032,6,6,2.0110927560559967e-07,0
M1,0.1,64,aligned_guard_1p1,51,0.0010125295474455432,8.231788797240201e-05,0.09186522107241206,6,6,2.1394759535087262e-07,0
M1,0.1,64,aligned_guard_1p1,52,0.0011021367861931814,8.96072387476383e-05,0.09183654279548013,6,6,2.27317574339772e-07,0
M1,0.1,64,aligned_guard_1p1,53,0.0011997093167131876,9.757253052000609e-05,0.09180609824014221,6,6,2.4135068391700757e-07,0
M1,0.1,64,aligned_guard_1p1,54,0.0013059904161068032,0.00010628109939361578,0.09232526972953015,6,6,2.558440087590479e-07,0
M1,0.1,64,aligned_guard_1p1,55,0.0014211063531682055,0.00011511593706140225,0.09298105824923014,6,6,2.618302498987724e-07,0
M1,0.1,64,aligned_guard_1p1,56,0.0015449121467663392,0.00012380579359813363,0.0929849856253853,6,6,2.5744807789145414e-07,0
M1,0.1,64,aligned_guard_1p1,57,0.001678058151753551,0.00013314600498721176,0.0929824395960606,6,6,2.537615547145323e-07,0
M1,0.1,64,aligned_guard_1p1,58,0.001821252937312665,0.00014319478555911407,0.09298100915054805,6,6,2.5176211474261207e-07,0
M1,0.1,64,aligned_guard_1p1,59,0.0019752572731090894,0.00015400433579642434,0.09298071165498004,6,6,2.5251989333942227e-07,0
M1,0.1,64,aligned_guard_1p1,60,0.0021408876851109703,0.00016563041200188093,0.0929814786904082,6,6,2.5911207651534613e-07,0
M1,0.1,64,aligned_guard_1p1,61,0.0023190203781318732,0.00017813269302090274,0.10011636085095424,6,6,2.754106711406441e-07,0
M1,0.1,64,aligned_guard_1p1,62,0.002496946035343978,0.00017792565721210483,0.10093380153726386,6,6,2.0228297236356297e-07,0
M1,0.1,64,aligned_guard_1p1,63,0.0026732255913521964,0.0001762795560082182,0.10020929993137845,6,6,1.5034415626336687e-07,0
M1,0.1,64,aligned_guard_1p1,64,0.002849136964976133,0.00017591137362393643,0.09956805125194952,6,6,1.2103062398796703e-07,0
M1,0.1,64,aligned_guard_1p1,65,0.003025811481964324,0.00017667451698819117,0.0990555420533338,6,6,1.0373578914224043e-07,0
M1,0.1,64,aligned_guard_1p1,66,0.003204170525109094,0.00017835904314476974,0.09863928943032571,6,6,9.248253890588202e-08,0
M1,0.1,64,aligned_guard_1p1,67,0.0033849899979326026,0.00018081947282350857,0.09829455754408163,6,6,8.477393643727189e-08,0
M1,0.1,64,aligned_guard_1p1,68,0.003568946747259662,0.0001839567493270596,0.09800431555362375,6,6,7.882930320879505e-08,0
M1,0.1,64,aligned_guard_1p1,69,0.003756649450235437,0.00018770270297577496,0.09775651398073402,6,6,7.633994895831813e-08,0
M1,0.1,64,aligned_guard_1p1,70,0.00394865988036674,0.00019201043013130321,0.09754236357081526,6,6,7.334233373949685e-08,0
M1,0.1,64,aligned_guard_1p1,71,0.0041455081246600045,0.00019684824429326507,0.09735528319528064,6,6,7.15631005278232e-08,0
M1,0.1,64,aligned_guard_1p1,72,0.00434770387391217,0.0002021957492521653,0.09719023324404497,6,6,6.896844860652491e-08,0
M1,0.1,64,aligned_guard_1p1,73,0.004555745096268794,0.00020804122235662425,0.0970432781194181,6,6,6.74940381532213e-08,0
M1,0.1,64,aligned_guard_1p1,74,0.00477012493420112,0.00021437983793232536,0.09691129023705354,6,6,6.689789117984647e-08,0
M1,0.1,64,aligned_guard_1p1,75,0.004991337382624759,0.0002212124484236392,0.09679174443032393,6,6,6.673617373689778e-08,0
M1,0.1,64,aligned_guard_1p1,76,0.005219882130656323,0.000228544748031564,0.09668257181789067,6,6,6.674785223667299e-08,0
M1,0.1,64,aligned_guard_1p1,77,0.005456268837933873,0.00023638670727754973,0.09658205379138014,6,6,6.625096719931702e-08,0
M1,0.1,64,aligned_guard_1p1,78,0.005701021043957729,0.00024475220602385557,0.09648874368814862,6,6,6.547220189472991e-08,0
M1,0.1,64,aligned_guard_1p1,79,0.005954679861213029,0.0002536588172552998,0.09640140795690265,6,6,6.64708236906709e-08,0
M1,0.1,64,aligned_guard_1p1,80,0.006217807571306953,0.000263127710093924,0.09631898130049457,6,6,6.607271668326504e-08,0
M1,0.1,64,aligned_guard_1p1,81,0.006490991222692366,0.0002731836513854128,0.09624053200854335,6,6,6.677514694406912e-08,0
M1,0.1,64,aligned_guard_1p1,82,0.006774846315431423,0.0002838550927390573,0.09616523483077406,6,6,6.623059729070097e-08,0
M1,0.1,64,aligned_guard_1p1,83,0.00707002065077056,0.00029517433533913666,0.09609234950352864,6,6,6.716295464180365e-08,0
M1,0.1,64,aligned_guard_1p1,84,0.007377198419723225,0.0003071777689526651,0.09602120355721923,6,6,6.627831466907573e-08,0
M1,0.1,64,aligned_guard_1p1,85,0.007697104604579174,0.0003199061848559493,0.09595117838355814,6,6,6.534666712326416e-08,0
M1,0.1,64,aligned_guard_1p1,86,0.00803050976983639,0.00033340516525721725,0.09588169778153471,6,6,6.39571039362861e-08,0
M1,0.1,64,aligned_guard_1p1,87,0.008378235324317994,0.00034772555448160387,0.09581221836632307,6,6,6.367707308453674e-08,0
M1,0.1,64,aligned_guard_1p1,88,0.008741159344250534,0.00036292401993254084,0.09574222134112119,6,6,6.194348844190374e-08,0
M1,0.1,64,aligned_guard_1p1,89,0.009120223058094686,0.0003790637138441505,0.09567120521685477,6,6,5.7907733771250566e-08,0
M1,0.1,64,aligned_guard_1p1,90,0.009516438108364972,0.000396215050270287,0.09559867913204531,6,6,5.529102493169165e-08,0
M1,0.1,64,aligned_guard_1p1,91,0.009930894724154628,0.0004144566157896559,0.09552415648372574,6,6,4.945922547216087e-08,0
M1,0.1,64,aligned_guard_1p1,92,0.01036477096137664,0.0004338762372220121,0.09544714863459622,6,6,4.090002174714186e-08,0
M1,0.1,64,aligned_guard_1p1,93,0.010819343196827105,0.00045457223545046504,0.0953671585124396,6,6,3.490415325493414e-08,0
M1,0.1,64,aligned_guard_1p1,94,0.011295998098305764,0.0004766549014786585,0.09528367396312519,6,6,2.8490012827564275e-08,0
M1,0.1,64,aligned_guard_1p1,95,0.011796246337750355,0.0005002482394445917,0.10033682181413407,6,6,3.496995176691929e-08,0
M1,0.1,64,aligned_guard_1p1,96,0.012294815288211296,0.00049856895046094,0.10190784095037969,6,6,3.940509341622138e-08,0
M1,0.1,64,aligned_guard_1p1,97,0.012784050410662473,0.0004892351224511762,0.10129845516882863,6,6,4.025283704865356e-08,0
M1,0.1,64,aligned_guard_1p1,98,0.013267014461432837,0.0004829640507703643,0.10068762540899207,6,6,4.0616210043487736e-08,0
M1,0.1,64,aligned_guard_1p1,99,0.013746680208647125,0.00047966574721428724,0.10018166293195456,6,6,3.965927923981119e-08,0
M1,0.1,64,aligned_guard_1p1,100,0.014225476161096113,0.00047879595244898867,0.09976028740588538,6,6,3.9124138818670285e-08,0
M1,0.1,64,aligned_guard_1p1,101,0.014705422605617625,0.00047994644452151213,0.09940375527916438,6,6,3.8414572796005366e-08,0
M1,0.1,64,aligned_guard_1p1,102,0.01518824787029061,0.0004828252646729854,0.09909771487560354,6,6,3.8449665357893767e-08,0
M1,0.1,64,aligned_guard_1p1,103,0.01567546926109571,0.0004872213908050973,0.09883165204807774,6,6,3.8677783931714e-08,0
M1,0.1,64,aligned_guard_1p1,104,0.016168450386786173,0.0004929811256904652,0.09859767371083893,6,6,3.7527671976945396e-08,0
M1,0.1,64,aligned_guard_1p1,105,0.01666844304090928,0.0004999926541231078,0.09838972041930961,6,6,3.803972912896889e-08,0
M1,0.1,64,aligned_guard_1p1,106,0.017176618744623326,0.0005081757037140448,0.09820304793338598,6,6,3.7923085265373396e-08,0
M1,0.1,64,aligned_guard_1p1,107,0.017694093216554945,0.00051747447193162,0.09803387599331613,6,6,3.745011279314224e-08,0
M1,0.1,64,aligned_guard_1p1,108,0.018221945927353506,0.0005278527107985621,0.09787914417733248,6,6,3.7870009749191166e-08,0
M1,0.1,64,aligned_guard_1p1,109,0.01876123620745876,0.0005392902801052544,0.09773633833607209,6,6,3.8047430780681437e-08,0
M1,0.1,64,aligned_guard_1p1,110,0.01931301693639386,0.0005517807289351002,0.0976033647305512,6,6,3.822970184583065e-08,0
M1,0.1,64,aligned_guard_1p1,111,0.01987834655434133,0.0005653296179474694,0.0974784571261581,6,6,3.884664297392978e-08,0
M1,0.1,64,aligned_guard_1p1,112,0.020458299945700215,0.0005799533913588838,0.09736010708607565,6,6,3.7936112150056425e-08,0
M1,0.1,64,aligned_guard_1p1,113,0.021053978616067896,0.000595678670367679,0.09724701085570457,6,6,3.830998543042914e-08,0
M1,0.1,64,aligned_guard_1p1,114,0.021666520497947997,0.0006125418818801011,0.09713802826410013,6,6,3.6917546971719004e-08,0
M1,0.1,64,aligned_guard_1p1,115,0.02229710966351631,0.0006305891655683132,0.09703215041389525,6,6,3.702253247009675e-08,0
M1,0.1,64,aligned_guard_1p1,116,0.022946986186790818,0.0006498765232745076,0.09692847384199542,6,6,3.612201050885609e-08,0
M1,0.1,64,aligned_guard_1p1,117,0.023617456377349973,0.0006704701905591552,0.09682617946514402,6,6,3.3586663899412317e-08,0
M1,0.1,64,aligned_guard_1p1,118,0.024309903600056425,0.0006924472227064527,0.09672451507392058,6,6,3.271614317419284e-08,0
M1,0.1,64,aligned_guard_1p1,119,0.025025799898091373,0.0007158962980349481,0.09662278046605936,6,6,3.0079584269195344e-08,0
M1,0.1,64,aligned_guard_1p1,120,0.025766718648909583,0.0007409187508182097,0.09652031455265456,6,6,2.7220743853079866e-08,0
M1,0.1,64,aligned_guard_1p1,121,0.026534348504087913,0.0007676298551783289,0.09641648395212687,6,6,2.423736196033615e-08,0
M1,0.1,64,aligned_guard_1p1,122,0.02733050889462806,0.0007961603905401444,0.09631067272157035,6,6,2.2825669778847747e-08,0
M1,0.1,64,aligned_guard_1p1,123,0.02815716742378381,0.000826658529155753,0.09882749747252963,6,6,2.4835642049113217e-08,0
M1,0.1,64,aligned_guard_1p1,124,0.02899363353928525,0.0008364661155014408,0.10204150074704624,6,6,2.7922683027613538e-08,0
M1,0.1,64,aligned_guard_1p1,125,0.02981336483427569,0.0008197312949904393,0.10156940822004223,6,6,2.6518182209978655e-08,0
M1,0.1,64,aligned_guard_1p1,126,0.030620429982488973,0.000807065148213284,0.10097885384835416,6,6,2.591000412286853e-08,0
M1,0.1,64,aligned_guard_1p1,127,0.031419671722175684,0.0007992417396867081,0.10047817037785468,6,6,2.567915916181257e-08,0
M1,0.1,64,aligned_guard_1p1,128,0.0322151099120642,0.0007954381898885178,0.10005649044015852,6,6,2.5084061031220008e-08,0
M1,0.1,64,aligned_guard_1p1,129,0.03301009900911259,0.000794989097048383,0.09969623054995101,6,6,2.498780313844205e-08,0
M1,0.1,64,aligned_guard_1p1,130,0.03380751039835269,0.0007974113892401057,0.09938412057301854,6,6,2.4989651178389756e-08,0
M1,0.1,64,aligned_guard_1p1,131,0.03460986331413287,0.0008023529157801816,0.09911029998939937,6,6,2.4861801277805545e-08,0
M1,0.1,64,aligned_guard_1p1,132,0.035419418845562,0.0008095555314291246,0.09886728556434653,6,6,2.4332706383191722e-08,0
M1,0.1,64,aligned_guard_1p1,133,0.036238249388757436,0.0008188305431954391,0.0986492779637068,6,6,2.4590440218750234e-08,0
M1,0.1,64,aligned_guard_1p1,134,0.03706829149357313,0.0008300421048156967,0.09845169831256906,6,6,2.4504124709810866e-08,0
M1,0.1,64,aligned_guard_1p1,135,0.03791138726443575,0.0008430957708626215,0.09827087059691546,6,6,2.438743684459553e-08,0
M1,0.1,64,aligned_guard_1p1,136,0.038769317763821275,0.0008579304993855268,0.09810379868409413,6,6,2.382932820820654e-08,0
M1,0.1,64,aligned_guard_1p1,137,0.039643830790730826,0.0008745130269095541,0.09794800635552801,6,6,2.3955558410883567e-08,0
M1,0.1,64,aligned_guard_1p1,138,0.04053666471298063,0.0008928339222498103,0.09780142027796797,6,6,2.3694519745338413e-08,0
M1,0.1,64,aligned_guard_1p1,139,0.0414495695764399,0.00091290486345927,0.09766228281738462,6,6,2.3055312176275137e-08,0
M1,0.1,64,aligned_guard_1p1,140,0.042384326411037225,0.0009347568345973233,0.09752908594841093,6,6,2.2314460926416003e-08,0
M1,0.1,64,aligned_guard_1p1,141,0.043342765450537474,0.0009584390395002504,0.09740052029818348,6,6,2.1782626585927862e-08,0
M1,0.1,64,aligned_guard_1p1,142,0.044326783848556366,0.0009840183980188916,0.0972754351943779,6,6,2.0413180438256637e-08,0
M1,0.1,64,aligned_guard_1p1,143,0.04533836338665106,0.0010115795380946945,0.09715280681920029,6,6,1.9361746770738493e-08,0
M1,0.1,64,aligned_guard_1p1,144,0.046379588618545006,0.0010412252318939448,0.09703171241733113,6,6,1.8044272327956777e-08,0
M1,0.1,64,aligned_guard_1p1,145,0.04745266586922328,0.0010730772506782726,0.09691130909676986,6,6,1.7053400606687126e-08,0
M1,0.1,64,aligned_guard_1p1,146,0.04855994350346384,0.0011072776342405629,0.09679081617885361,6,6,1.652329859074615e-08,0
M1,0.1,64,aligned_guard_1p1,147,0.049703933892174375,0.0011439903887105309,0.09666950035019699,6,6,1.77524115654535e-08,0
M1,0.1,64,aligned_guard_1p1,148,0.05088733753506721,0.001183403642892833,0.10070800905698468,6,6,2.12315070849683e-08,0
M1,0.1,64,aligned_guard_1p1,149,0.05206242147722241,0.0011750839421552015,0.10191833612357419,6,6,2.1123930658205373e-08,0
M1,0.1,64,aligned_guard_1p1,150,0.053215387652740066,0.0011529661755176545,0.1013741185292197,5,5,1.8359062744384583e-06,0
M1,0.1,64,aligned_guard_1p1,151,0.05435272545872585,0.001137337805985783,0.10082534930414343,5,5,1.6721009567238055e-06,0
M1,0.1,64,aligned_guard_1p1,152,0.0554807530964531,0.0011280276377272557,0.10035985981684735,5,5,1.5976267414782372e-06,0
M1,0.1,64,aligned_guard_1p1,153,0.056604735971464946,0.0011239828750118426,0.09996329308861092,5,5,1.5723226162533614e-06,0
M1,0.1,64,aligned_guard_1p1,154,0.05772913157737551,0.001124395605910567,0.09962060376309538,5,5,1.5739208309404114e-06,0
M1,0.1,64,aligned_guard_1p1,155,0.058857809344260416,0.0011286777668849076,0.09932047435949172,5,5,1.5907107384800714e-06,0
M1,0.1,64,aligned_guard_1p1,156,0.05999420923981432,0.0011363998955539057,0.09905437729090506,5,5,1.6152580959320547e-06,0
M1,0.1,64,aligned_guard_1p1,157,0.06114145777807579,0.001147248538261466,0.09881575416774267,5,5,1.643946307670921e-06,0
M1,0.1,64,aligned_guard_1p1,158,0.062302455382075225,0.001160997603999437,0.09859946270812214,5,5,1.6732981205559049e-06,0
M1,0.1,64,aligned_guard_1p1,159,0.0634799441554535,0.001177488773378275,0.09840140100803893,5,5,1.7013064921216604e-06,0
M1,0.1,64,aligned_guard_1p1,160,0.06467656205043863,0.0011966178949851334,0.09821824603393531,5,5,1.7257540163928108e-06,0
M1,0.1,64,aligned_guard_1p1,161,0.06589488750757588,0.0012183254571372522,0.0980472674022948,5,5,1.7443768997021015e-06,0
M1,0.1,64,aligned_guard_1p1,162,0.06713747742304836,0.001242589915472481,0.09788619198986744,5,5,1.7554512725038787e-06,0
M1,0.1,64,aligned_guard_1p1,163,0.0684069005053163,0.0012694230822679323,0.09773310360300409,5,5,1.7569686963254167e-06,0
M1,0.1,64,aligned_guard_1p1,164,0.06970576755800335,0.0012988670526870624,0.09758636729608793,5,5,1.7475516612468556e-06,0
M1,0.1,64,aligned_guard_1p1,165,0.07103675987657809,0.00133099231857474,0.0974445713328532,5,5,1.7272028710656782e-06,0
M1,0.1,64,aligned_guard_1p1,166,0.07240265671451307,0.0013658968379349822,0.09730648199976015,5,5,1.6973972523051955e-06,0
M1,0.1,64,aligned_guard_1p1,167,0.07380636262378472,0.0014037059092716442,0.09717100795347339,5,5,1.6626148107284753e-06,0
M1,0.1,64,aligned_guard_1p1,168,0.07525093538147778,0.0014445727576930713,0.09703717178075301,5,5,1.6342282651608462e-06,0
M1,0.1,64,aligned_guard_1p1,169,0.07673961516385742,0.0014886797823796402,0.09690408713185934,5,5,1.6295704225351714e-06,0
M1,0.1,64,aligned_guard_1p1,170,0.07827585561195531,0.0015362404480978842,0.09929341571715833,5,5,1.6756698831242733e-06,0
M1,0.1,64,aligned_guard_1p1,171,0.07982302813795032,0.0015471725259950096,0.10197238488325121,5,5,1.594493613919213e-06,0
M1,0.1,64,aligned_guard_1p1,172,0.08134027472168608,0.0015172465837357601,0.10149949612722986,5,5,1.3913654069282556e-06,0
M1,0.1,64,aligned_guard_1p1,173,0.08283510636285392,0.001494831641167842,0.1009323047339226,5,5,1.2781005558435843e-06,0
M1,0.1,64,aligned_guard_1p1,174,0.0843161303473042,0.001481023984450283,0.10044671591809251,5,5,1.2221807991283605e-06,0
M1,0.1,64,aligned_guard_1p1,175,0.0857905677850179,0.0014744374377137007,0.1000327945171893,5,5,1.1979543820484155e-06,0
M1,0.1,64,aligned_guard_1p1,176,0.0872645218466135,0.0014739540615956084,0.09967494374712786,5,5,1.1910938242485256e-06,0
M1,0.1,64,aligned_guard_1p1,177,0.0887432827128699,0.0014787608662564012,0.09936125302140196,5,5,1.1939516609942156e-06,0
M1,0.1,64,aligned_guard_1p1,178,0.0902315498404371,0.0014882671275672048,0.09908276531312128,5,5,1.2013911800584442e-06,0
M1,0.1,64,aligned_guard_1p1,179,0.09173359424025172,0.001502044399814624,0.09883261246907481,5,5,1.2104413233603608e-06,0
M1,0.1,64,aligned_guard_1p1,180,0.09325338043459584,0.00151978619434412,0.09860542509093849,5,5,1.2187436715643378e-06,0
M1,0.1,64,aligned_guard_1p1,181,0.09479466094014866,0.001541280505552816,0.09839693254635112,5,5,1.2244138282079013e-06,0
M1,0.1,64,aligned_guard_1p1,182,0.0963610517469218,0.0015663908067731446,0.09820368536766552,5,5,1.2258250413341995e-06,0
M1,0.1,64,aligned_guard_1p1,183,0.09795609454079326,0.0015950427938714543,0.09802285805049055,5,5,1.2216669252394802e-06,0
M1,0.1,64,aligned_guard_1p1,184,0.09958330968794789,0.0016272151471546205,0.09785210599317165,5,5,1.2109482929236231e-06,0
M1,0.1,64,aligned_guard_1p1,185,0.10124624287741667,0.0016629331894687802,0.0976894597345705,5,5,1.1937496594188507e-06,0
M1,0.1,64,aligned_guard_1p1,186,0.10294850757822174,0.0017022647008050748,0.09753324543718483,5,5,1.1715692132636534e-06,0
M1,0.1,64,aligned_guard_1p1,187,0.1046938249755613,0.0017453173973395555,0.09738202421983091,5,5,1.1483356191811293e-06,0
M1,0.1,64,aligned_guard_1p1,188,0.10648606272305325,0.0017922377474919426,0.09723454530847529,5,5,1.131967621238407e-06,0
M1,0.1,64,aligned_guard_1p1,189,0.10832927363313267,0.0018432109100794294,0.09708970953168497,5,5,1.1355728666050526e-06,0
M1,0.1,64,aligned_guard_1p1,190,0.11022773529191218,0.001898461658779505,0.09706252292183076,5,5,1.1767886444458491e-06,0
M1,0.1,64,aligned_guard_1p1,191,0.11218365154221245,0.0019559162503002625,0.10208759826352329,5,5,1.267544905905748e-06,0
M1,0.1,64,aligned_guard_1p1,192,0.11409957108931686,0.0019159195471044079,0.10172142990090152,5,5,1.1128221892708738e-06,0
M1,0.1,64,aligned_guard_1p1,193,0.11598306756490802,0.0018834964755911553,0.10111555860524375,5,5,1.0183435588856599e-06,0
M1,0.1,64,aligned_guard_1p1,194,0.11784578434318775,0.0018627167782797366,0.1005918115346054,5,5,9.677938717200777e-07,0
M1,0.1,64,aligned_guard_1p1,195,0.11969754220484921,0.0018517578616614617,0.1001468531572198,5,5,9.413628090298411e-07,0
M1,0.1,64,aligned_guard_1p1,196,0.12154658468924401,0.0018490424843947927,0.09976345942758634,5,5,9.281718455375702e-07,0
M1,0.1,64,aligned_guard_1p1,197,0.12340001127950467,0.0018534265902606624,0.0994282596220001,5,5,9.218151407541134e-07,0
M1,0.1,64,aligned_guard_1p1,198,0.1252640955924625,0.0018640843129578046,0.09913127280563176,5,5,9.185838542744827e-07,0
M1,0.1,64,aligned_guard_1p1,199,0.12714451562561666,0.001880420033154163,0.09886490885754494,5,5,9.159876060743632e-07,0
M1,0.1,64,aligned_guard_1p1,200,0.12904652520098953,0.001902009575372868,0.09862327940549666,5,5,9.121525892234409e-07,0
M1,0.1,64,aligned_guard_1p1,201,0.13097508566545413,0.0019285604644646015,0.09840173478435439,5,5,9.056696588737053e-07,0
M1,0.1,64,aligned_guard_1p1,202,0.13293497028404444,0.0019598846185903194,0.09819654555375319,5,5,8.956455043991887e-07,0
M1,0.1,64,aligned_guard_1p1,203,0.1349308496783124,0.001995879394267969,0.09800467809777265,5,5,8.816039968127883e-07,0
M1,0.1,64,aligned_guard_1p1,204,0.1369673640906926,0.002036514412380208,0.09782363308281679,5,5,8.64082726837348e-07,0
M1,0.1,64,aligned_guard_1p1,205,0.1390491865994274,0.0020818225087347853,0.09765132695930138,5,5,8.451080109553549e-07,0
M1,0.1,64,aligned_guard_1p1,206,0.14118108032126328,0.002131893721835891,0.09748600362441374,5,5,8.291822758488633e-07,0
M1,0.1,64,aligned_guard_1p1,207,0.1433679519157226,0.002186871594459324,0.09732616768927832,5,5,8.23879615894718e-07,0
M1,0.1,64,aligned_guard_1p1,208,0.14561490322016632,0.0022469513044437225,0.09717053355601839,5,5,8.403930368235888e-07,0
M1,0.1,64,aligned_guard_1p1,209,0.14792728252098425,0.002312379300817943,0.09743732661406024,5,5,8.920065151809222e-07,0
M1,0.1,64,aligned_guard_1p1,210,0.15030047909890049,0.002373196577916236,0.10201622641826054,5,5,9.695592548197966e-07,0
M1,0.1,64,aligned_guard_1p1,211,0.1526267723379645,0.0023262932390640187,0.10162378527619238,5,5,8.707021407942269e-07,0
M1,0.1,64,aligned_guard_1p1,212,0.15491589513804682,0.0022891228000823196,0.10102026811820351,5,5,8.072268061820486e-07,0
M1,0.1,64,aligned_guard_1p1,213,0.15718189862697424,0.002266003488927414,0.10049861295732472,5,5,7.704979739241324e-07,0
M1,0.1,64,aligned_guard_1p1,214,0.1594366595856052,0.002254760958630981,0.10005411032363185,5,5,7.483911182518339e-07,0
M1,0.1,64,aligned_guard_1p1,215,0.1616902011456049,0.002253541559999687,0.09966987641224878,5,5,7.340779492888563e-07,0
M1,0.1,64,aligned_guard_1p1,216,0.1639512068186517,0.002261005673046808,0.09933285023056629,5,5,7.234615442713703e-07,0
M1,0.1,64,aligned_guard_1p1,217,0.16622739809656095,0.00227619127790925,0.09903327188168841,5,5,7.140273174884789e-07,0
M1,0.1,64,aligned_guard_1p1,218,0.16852580875659504,0.0022984106600340707,0.09876371300766176,5,5,7.041254499752783e-07,0
M1,0.1,64,aligned_guard_1p1,219,0.17085299005632582,0.0023271812997307704,0.09851840920001426,5,5,6.925703389951538e-07,0
M1,0.1,64,aligned_guard_1p1,220,0.17321516918470178,0.0023621791283759725,0.09829281039924045,5,5,6.787609643403095e-07,0
M1,0.1,64,aligned_guard_1p1,221,0.1756183756031381,0.002403206418436303,0.09808327099442236,5,5,6.628427854356747e-07,0
M1,0.1,64,aligned_guard_1p1,222,0.1780685451316125,0.002450169528474397,0.09788683112921472,5,5,6.460194377567466e-07,0
M1,0.1,64,aligned_guard_1p1,223,0.18057160861850796,0.0025030634868954647,0.09770105916276683,5,5,6.31073719086091e-07,0
M1,0.1,64,aligned_guard_1p1,224,0.18313357008376233,0.0025619614652543747,0.09752393617629268,5,5,6.231913103827821e-07,0
M1,0.1,64,aligned_guard_1p1,225,0.1857605779401958,0.0026270078564334734,0.09735377006581708,5,5,6.300756880046699e-07,0
M1,0.1,64,aligned_guard_1p1,226,0.18845899203823993,0.0026984140980441293,0.09718913090547622,5,5,6.610698366716775e-07,0
M1,0.1,64,aligned_guard_1p1,227,0.19123544869846928,0.002776456660229364,0.0990409692442861,5,5,7.244870606309595e-07,0
M1,0.1,64,aligned_guard_1p1,228,0.194038790266524,0.0028033415680547213,0.10183879394608251,5,5,7.476868303106011e-07,0
M1,0.1,64,aligned_guard_1p1,229,0.19679151490065402,0.0027527246341300165,0.10135975417405917,5,5,6.859723825812308e-07,0
M1,0.1,64,aligned_guard_1p1,230,0.1995073113788133,0.0027157964781592938,0.10077946531612561,5,5,6.446366694196249e-07,0
M1,0.1,64,aligned_guard_1p1,231,0.20220210289178708,0.002694791512973767,0.10028000096297394,5,5,6.179447560002716e-07,0
M1,0.1,64,aligned_guard_1p1,232,0.20488937003089366,0.002687267139106586,0.0998517342618891,5,5,5.991779009307032e-07,0
M1,0.1,64,aligned_guard_1p1,233,0.20758062738257718,0.0026912573516835237,0.09947911547028676,5,5,5.842998202538688e-07,0
M1,0.1,64,aligned_guard_1p1,234,0.21028597647917965,0.0027053490966024627,0.09915026966577341,5,5,5.70950159313663e-07,0
M1,0.1,64,aligned_guard_1p1,235,0.21301451075923955,0.002728534280059903,0.09885627879608956,5,5,5.575934638991153e-07,0
M1,0.1,64,aligned_guard_1p1,236,0.21577461291288022,0.0027601021536406804,0.09859032130241961,5,5,5.434000835431947e-07,0
M1,0.1,64,aligned_guard_1p1,237,0.21857417996690598,0.0027995670540257606,0.09834708406036055,5,5,5.281865514346019e-07,0
M1,0.1,64,aligned_guard_1p1,238,0.2214207992447155,0.0028466192778095235,0.09812236330642718,5,5,5.125883392016766e-07,0
M1,0.1,64,aligned_guard_1p1,239,0.2243218904759976,0.0029010912312821,0.09791278748233542,5,5,4.984936657723165e-07,0
M1,0.1,64,aligned_guard_1p1,240,0.22728482443577838,0.0029629339597807792,0.09771562043836361,5,5,4.894405555710591e-07,0
M1,0.1,64,aligned_guard_1p1,241,0.23031702537406104,0.0030322009382826552,0.09752861900517537,5,5,4.909319774300718e-07,0
M1,0.1,64,aligned_guard_1p1,242,0.23342606246410919,0.003109037090048154,0.09734992823831466,5,5,5.098131478897266e-07,0
M1,0.1,64,aligned_guard_1p1,243,0.2366197341455481,0.0031936716814389083,0.09717800331984244,5,5,5.523954056120317e-07,0
M1,0.1,64,aligned_guard_1p1,244,0.2399061483260572,0.0032864141805091025,0.10093171361943454,5,5,6.22146993707655e-07,0
M1,0.1,64,aligned_guard_1p1,245,0.24316222519491984,0.0032560768688626516,0.10162267812461614,5,5,5.948784383866762e-07,0
M1,0.1,64,aligned_guard_1p1,246,0.24636631007927,0.0032040848843501693,0.10104795618138177,5,5,5.518588161112163e-07,0
M1,0.1,64,aligned_guard_1p1,247,0.2495371657852467,0.0031708557059766905,0.1004954507895844,5,5,5.219483854618667e-07,0
M1,0.1,64,aligned_guard_1p1,248,0.2526923889133222,0.003155223128075491,0.10002236492016325,5,5,5.001441509473013e-07,0
M1,0.1,64,aligned_guard_1p1,249,0.2558469065360498,0.0031545176227276324,0.09961385548906916,5,5,4.825378046793059e-07,0
M1,0.1,64,aligned_guard_1p1,250,0.2590136523740058,0.003166745837956031,0.09925586442602348,5,5,4.668078883332397e-07,0
M1,0.1,64,aligned_guard_1p1,251,0.2622041397636111,0.003190487389605319,0.09893783570604826,5,5,4.5161823008986496e-07,0
M1,0.1,64,aligned_guard_1p1,252,0.26542887918391184,0.00322473942030074,0.09865179872150301,5,5,4.3637482540318405e-07,0
M1,0.1,64,aligned_guard_1p1,253,0.2686976887363907,0.003268809552478892,0.09839162368042591,5,5,4.21212491613099e-07,0
M1,0.1,64,aligned_guard_1p1,254,0.2720199324703654,0.0033222437339746748,0.09815251806422322,5,5,4.0722558188976426e-07,0
M1,0.1,64,aligned_guard_1p1,255,0.2754047093456778,0.003384776875312422,0.09793068185979682,5,5,3.9677930760156106e-07,0
M1,0.1,64,aligned_guard_1p1,256,0.2788610080367849,0.0034562986911071064,0.09772306595911155,5,5,3.936631583858659e-07,0
M1,0.1,64,aligned_guard_1p1,257,0.28239783801360246,0.003536829976817614,0.09752719926476168,5,5,4.029766554153918e-07,0
M1,0.1,64,aligned_guard_1p1,258,0.2860243442636343,0.0036265062500318657,0.09734106267134303,5,5,4.29672981620027e-07,0
M1,0.1,64,aligned_guard_1p1,259,0.2897499109982776,0.003725566734643324,0.09784154604693325,5,5,4.768615635151242e-07,0
M1,0.1,64,aligned_guard_1p1,260,0.2935576663794694,0.0038077553811917695,0.10182028403601377,5,5,5.268262007303611e-07,0
M1,0.1,64,aligned_guard_1p1,261,0.29729734891644305,0.0037396825369736433,0.1013791634286671,5,5,4.837899581891871e-07,0
M1,0.1,64,aligned_guard_1p1,262,0.3009861567646208,0.003688807848177774,0.10076784811837512,5,5,4.5047130026658307e-07,0
M1,0.1,64,aligned_guard_1p1,263,0.30464685600258057,0.0036606992379597278,0.10023964714845772,5,5,4.2603278801193397e-07,0
M1,0.1,64,aligned_guard_1p1,264,0.3082988034526131,0.0036519474500325507,0.09978746285215333,5,5,4.06417436319815e-07,0
M1,0.1,64,aligned_guard_1p1,265,0.31195852917932426,0.003659725726711113,0.09939461103829376,5,5,3.8922614597868875e-07,0
M1,0.1,64,aligned_guard_1p1,266,0.31564054542596076,0.003682016246636481,0.09904831872546163,5,5,3.731637057610764e-07,0
M1,0.1,64,aligned_guard_1p1,267,0.3193579394150926,0.0037173939891318643,0.09873906977956874,5,5,3.5777534376592304e-07,0
M1,0.1,64,aligned_guard_1p1,268,0.3231228057414929,0.0037648663264002857,0.09845964898369373,5,5,3.434020093182127e-07,0
M1,0.1,64,aligned_guard_1p1,269,0.3269465714823435,0.00382376574085065,0.09820448834800997,5,5,3.313333747227889e-07,0
M1,0.1,64,aligned_guard_1p1,270,0.3308402486504382,0.0038936771680946653,0.09796922632680262,5,5,3.240217421855875e-07,0
M1,0.1,64,aligned_guard_1p1,271,0.3348146366435681,0.003974387993129864,0.09775040350353899,5,5,3.25085804978327e-07,0
M1,0.1,64,aligned_guard_1p1,272,0.3388804899297757,0.004065853286207636,0.09754524751096919,5,5,3.385422149783717e-07,0
M1,0.1,64,aligned_guard_1p1,273,0.34304866151163615,0.0041681715818604305,0.09735151776520404,5,5,3.6749151857679753e-07,0
M1,0.1,64,aligned_guard_1p1,274,0.34733022966542026,0.004281568153784083,0.0988093994383861,5,5,4.127703752383138e-07,0
M1,0.1,64,aligned_guard_1p1,275,0.35166338843181266,0.0043331587663923725,0.10166876166907923,5,5,4.3652028981379954e-07,0
M1,0.1,64,aligned_guard_1p1,276,0.3559254239826108,0.004262035550798123,0.10117297579586514,5,5,4.018479563774434e-07,0
M1,0.1,64,aligned_guard_1p1,277,0.36013804649101416,0.0042126225084033846,0.10057568257832711,5,5,3.7407511270933157e-07,0
M1,0.1,64,aligned_guard_1p1,278,0.36432655647713597,0.004188509986121791,0.10006096187361845,5,5,3.523383363312885e-07,0
M1,0.1,64,aligned_guard_1p1,279,0.3685125146247421,0.004185958147606127,0.09961870334689472,5,5,3.3396658836920925e-07,0
M1,0.1,64,aligned_guard_1p1,280,0.3727144947820522,0.004201980157310098,0.09923308729600848,5,5,3.174756628008712e-07,0
M1,0.1,64,aligned_guard_1p1,281,0.37694894951062047,0.004234454728568258,0.09889211327012061,5,5,3.0232647704048046e-07,0
M1,0.1,64,aligned_guard_1p1,282,0.3812308427663566,0.00428189325573616,0.09858682540735525,5,5,2.888062173730495e-07,0
M1,0.1,64,aligned_guard_1p1,283,0.3855741140280527,0.00434327126169609,0.09831042356652446,5,5,2.781131872960786e-07,0
M1,0.1,64,aligned_guard_1p1,284,0.3899920293458085,0.004417915317755798,0.09805765818250241,5,5,2.724495240216255e-07,0
M1,0.1,64,aligned_guard_1p1,285,0.39449745543862147,0.004505426092812952,0.0978244200002777,5,5,2.7479043127094325e-07,0
M1,0.1,64,aligned_guard_1p1,286,0.3991030805911142,0.0046056251524927636,0.09760745505207352,5,5,2.881539580711075e-07,0
M1,0.1,64,aligned_guard_1p1,287,0.40382159840313553,0.004718517812021291,0.09740416177559096,5,5,3.1436951637494117e-07,0
M1,0.1,64,aligned_guard_1p1,288,0.4086658655535395,0.004844267150403968,0.0986442368838225,5,5,3.5321837251999104e-07,0
M1,0.1,64,aligned_guard_1p1,289,0.4135767121508012,0.004910846597261701,0.10161680498495244,5,5,3.756266708938429e-07,0
M1,0.1,64,aligned_guard_1p1,290,0.41840942323435565,0.004832711083554444,0.10111955815367184,5,5,3.4453564124297146e-07,0
M1,0.1,64,aligned_guard_1p1,291,0.42318862833749715,0.004779205103141522,0.10051556320044813,5,5,3.187768878952346e-07,0
M1,0.1,64,aligned_guard_1p1,292,0.42794332000013136,0.004754691662634205,0.09999503616487819,5,5,2.980921595235851e-07,0
M1,0.1,64,aligned_guard_1p1,293,0.43269824768953624,0.004754927689404868,0.09954790285440297,5,5,2.804385819752358e-07,0
M1,0.1,64,aligned_guard_1p1,294,0.43747476989951123,0.004776522209974973,0.09915817369236528,5,5,2.648504899552191e-07,0
M1,0.1,64,aligned_guard_1p1,295,0.44229184350233286,0.0048170736028216535,0.09881374411576224,5,5,2.512284413960299e-07,0
M1,0.1,64,aligned_guard_1p1,296,0.44716674592195815,0.004874902419625308,0.09850560452388488,5,5,2.4037236624331687e-07,0
M1,0.1,64,aligned_guard_1p1,297,0.4521156038505883,0.004948857928630121,0.09822693365969377,5,5,2.3391638332968698e-07,0
M1,0.1,64,aligned_guard_1p1,298,0.45715379220102115,0.005038188350432876,0.09797248182957087,5,5,2.3417165045130444e-07,0
M1,0.1,64,aligned_guard_1p1,299,0.4622962447104892,0.005142452509468029,0.09773815266479839,5,5,2.434875051420941e-07,0
M1,0.1,64,aligned_guard_1p1,300,0.467557703382728,0.005261458672238796,0.09752071212403574,5,5,2.6324609298526474e-07,0
M1,0.1,64,aligned_guard_1p1,301,0.47295292513372056,0.005395221750992541,0.09731758065104777,5,5,2.9315750726132393e-07,0
M1,0.1,64,aligned_guard_1p1,302,0.47849685842398415,0.005543933290263576,0.10148953450834679,5,5,3.3126862430318656e-07,0
M1,0.1,64,aligned_guard_1p1,303,0.4839594249015234,0.005462566477539245,0.10125974325964719,5,5,3.046817780784485e-07,0
M1,0.1,64,aligned_guard_1p1,304,0.48935403316507814,0.005394608263554744,0.10063303069722894,5,5,2.7902249682526486e-07,0
M1,0.1,64,aligned_guard_1p1,305,0.49471470671945544,0.005360673554377303,0.10008119211311566,5,5,2.5839462301176197e-07,0
M1,0.1,64,aligned_guard_1p1,306,0.5000710313606712,0.005356324641215765,0.09960906406116997,5,5,2.4108537771908376e-07,0
M1,0.1,64,aligned_guard_1p1,307,0.5054483779823867,0.005377346621715514,0.09919967133135696,5,5,2.2624022604548405e-07,0
M1,0.1,64,aligned_guard_1p1,308,0.5108691082625845,0.005420730280197751,0.0988396296621682,5,5,2.1394961934030451e-07,0
M1,0.1,64,aligned_guard_1p1,309,0.5163534775370604,0.005484369274475931,0.09851903325611275,5,5,2.05112590195992e-07,0
M1,0.1,64,aligned_guard_1p1,310,0.5219202894445815,0.005566811907521074,0.09823044156979341,5,5,2.0135595794900195e-07,0
M1,0.1,64,aligned_guard_1p1,311,0.5275873838997823,0.005667094455200852,0.09796816892670025,5,5,2.0457968373435124e-07,0
M1,0.1,64,aligned_guard_1p1,312,0.5333720122308895,0.0057846283311071885,0.09772780551273434,5,5,2.162397633992667e-07,0
M1,0.1,64,aligned_guard_1p1,313,0.5392911345326313,0.0059191223017418795,0.0975058862130201,5,5,2.365629466604332e-07,0
M1,0.1,64,aligned_guard_1p1,314,0.5453616627147048,0.006070528182073475,0.09840005196428095,5,5,2.6429734055963836e-07,0
M1,0.1,64,aligned_guard_1p1,315,0.5515308954141723,0.006169232699467543,0.101503793967895,5,5,2.818150230515027e-07,0
M1,0.1,64,aligned_guard_1p1,316,0.5576087300037038,0.006077834589531533,0.1010008749969143,5,5,2.562130793099251e-07,0
M1,0.1,64,aligned_guard_1p1,317,0.5636263358806006,0.0060176058768968265,0.10038670883171358,5,5,2.3428679285191329e-07,0
M1,0.1,64,aligned_guard_1p1,318,0.5696207607869741,0.005994424906373442,0.09985785553083001,5,5,2.1644908428137113e-07,0
M1,0.1,64,aligned_guard_1p1,319,0.5756237185658167,0.006002957778842677,0.09940408584975463,5,5,2.016373736504811e-07,0
M1,0.1,64,aligned_guard_1p1,320,0.5816626632706812,0.006038944704864458,0.09900916280166157,5,5,1.897005135096783e-07,0
M1,0.1,64,aligned_guard_1p1,321,0.5877620428977586,0.006099379627077417,0.09866084788142793,5,5,1.8130180781060363e-07,0
M1,0.1,64,aligned_guard_1p1,322,0.5939442111621219,0.00618216826436333,0.09835007023992956,5,5,1.777068304502257e-07,0
M1,0.1,64,aligned_guard_1p1,323,0.6002300920458687,0.006285880883746848,0.09806998960833938,5,5,1.8036516073225274e-07,0
M1,0.1,64,aligned_guard_1p1,324,0.606639678616491,0.006409586570622343,0.09781535921663473,5,5,1.902371865945016e-07,0
M1,0.1,64,aligned_guard_1p1,325,0.6131924190265393,0.006552740410048315,0.09758209274819683,5,5,2.071935700419101e-07,0
M1,0.1,64,aligned_guard_1p1,326,0.6199075244577757,0.006715105431236408,0.09780846548091153,5,5,2.29916933286244e-07,0
M1,0.1,64,aligned_guard_1p1,327,0.6267730911530706,0.006865566695294837,0.10150093430208695,5,5,2.508895111581264e-07,0
M1,0.1,64,aligned_guard_1p1,328,0.6335371340089339,0.006764042855863323,0.10101621863908222,5,5,2.2673625093228843e-07,0
M1,0.1,64,aligned_guard_1p1,329,0.6402331308963548,0.006695996887420987,0.10038742541527827,5,5,2.0585464815332173e-07,0
M1,0.1,64,aligned_guard_1p1,330,0.6469032859080222,0.006670155011667331,0.09984590093430597,5,5,1.8907956406244237e-07,0
M1,0.1,64,aligned_guard_1p1,331,0.653583735429987,0.006680449521964841,0.09938246599558831,5,5,1.7560477237560306e-07,0
M1,0.1,64,aligned_guard_1p1,332,0.6603056953401601,0.0067219599101730814,0.0989802398883102,5,5,1.6545799909141367e-07,0
M1,0.1,64,aligned_guard_1p1,333,0.6670969093418216,0.006791214001661518,0.09862649175842525,5,5,1.5935230489917336e-07,0
M1,0.1,64,aligned_guard_1p1,334,0.6739827002490921,0.006885790907270483,0.09831181819750501,5,5,1.5837020526160479e-07,0
M1,0.1,64,aligned_guard_1p1,335,0.6809867319448921,0.00700403169579996,0.09802914834047857,5,5,1.6341533015314466e-07,0
M1,0.1,64,aligned_guard_1p1,336,0.6881315779568898,0.0071448460119976675,0.09777306743683828,5,5,1.7461584846737747e-07,0
M1,0.1,64,aligned_guard_1p1,337,0.6954391588677713,0.007307580910881478,0.09753935800499464,5,5,1.9107486936264952e-07,0
M1,0.1,64,aligned_guard_1p1,338,0.7029310893667472,0.007491930498975894,0.09943790864710739,5,5,2.1109621605467803e-07,0
M1,0.1,64,aligned_guard_1p1,339,0.7104653694023056,0.007534280035558483,0.10124157673617275,5,5,2.1045825471084417e-07,0
M1,0.1,64,aligned_guard_1p1,340,0.7179072527455413,0.007441883343235754,0.10068239847238973,5,5,1.8961147455122825e-07,0
M1,0.1,64,aligned_guard_1p1,341,0.7252986969861913,0.0073914442406500195,0.10008926698384146,5,5,1.7229503934125206e-07,0
M1,0.1,64,aligned_guard_1p1,342,0.7326835489921945,0.007384852006003105,0.09958060457011016,5,5,1.5868489754294771e-07,0
M1,0.1,64,aligned_guard_1p1,343,0.7400995031711066,0.007415954178912188,0.09914318804769227,5,5,1.4861795325287536e-07,0
M1,0.1,64,aligned_guard_1p1,344,0.747579547261826,0.007480044090719359,0.09876194511139114,5,5,1.4255412142573544e-07,0
M1,0.1,64,aligned_guard_1p1,345,0.7551533593027723,0.007573812040946343,0.09842562353415668,5,5,1.4128127387431306e-07,0
M1,0.1,64,aligned_guard_1p1,346,0.7628483189779,0.007694959675127688,0.09812585085661833,5,5,1.4539407013009518e-07,0
M1,0.1,64,aligned_guard_1p1,347,0.7706902481005035,0.00784192912260356,0.0978562775934138,5,5,1.547772008573526e-07,0
M1,0.1,64,aligned_guard_1p1,348,0.7787039691569964,0.008013721056492916,0.09761199514294631,5,5,1.6847463507561908e-07,0
M1,0.1,64,aligned_guard_1p1,349,0.7869137399385047,0.00820977078150831,0.09891527441097793,5,5,1.8489817520421778e-07,0
M1,0.1,64,aligned_guard_1p1,350,0.7952135407836178,0.008299800845113123,0.10123002330319111,5,5,1.8818907014406877e-07,0
M1,0.1,64,aligned_guard_1p1,351,0.8034124926106412,0.008198951827023324,0.10068708087288036,5,5,1.690058555491744e-07,0
M1,0.1,64,aligned_guard_1p1,352,0.8115554954228636,0.008143002812222435,0.10008296922404264,5,5,1.5316378755694717e-07,0
M1,0.1,64,aligned_guard_1p1,353,0.8196917476497473,0.008136252226883637,0.0995650120472861,5,5,1.41175755200023e-07,0
M1,0.1,64,aligned_guard_1p1,354,0.8278635462159137,0.008171798566166509,0.09912083746436183,5,5,1.3296932691615943e-07,0
M1,0.1,64,aligned_guard_1p1,355,0.8361078253959646,0.008244279180050934,0.0987348600697587,5,5,1.2894110802164385e-07,0
M1,0.1,64,aligned_guard_1p1,356,0.8444577427141501,0.008349917318185431,0.09839542379671816,5,5,1.2956956405659537e-07,0
M1,0.1,64,aligned_guard_1p1,357,0.8529438257005256,0.008486082986375564,0.09809386802203164,5,5,1.3492667924422673e-07,0
M1,0.1,64,aligned_guard_1p1,358,0.8615948078235566,0.008650982123030983,0.09782362591435204,5,5,1.4439890255543212e-07,0
M1,0.1,64,aligned_guard_1p1,359,0.8704382564712332,0.008843448647676602,0.09757961203145292,5,5,1.5675730675622104e-07,0
M1,0.1,64,aligned_guard_1p1,360,0.8795010601282369,0.009062803657003767,0.10015046261911532,5,5,1.7049151087875627e-07,0
M1,0.1,64,aligned_guard_1p1,361,0.8885502481399496,0.009049188011712674,0.10099951714646761,5,5,1.6164549363619827e-07,0
M1,0.1,64,aligned_guard_1p1,362,0.8975098830643322,0.00895963492438257,0.10040546407405024,5,5,1.4499267745664976e-07,0
M1,0.1,64,aligned_guard_1p1,363,0.9064333365905016,0.008923453526169385,0.0998317561252014,5,5,1.3209338023168452e-07,0
M1,0.1,64,aligned_guard_1p1,364,0.915371828581946,0.008938491991444353,0.09934162657393678,5,5,1.230951101905046e-07,0
M1,0.1,64,aligned_guard_1p1,365,0.9243695592409983,0.0089977306590523,0.09891999699413219,5,5,1.1811627350229899e-07,0
M1,0.1,64,aligned_guard_1p1,366,0.9334655266211692,0.009095967380170902,0.09855269489650902,5,5,1.1740188055221761e-07,0
M1,0.1,64,aligned_guard_1p1,367,0.9426950737073475,0.009229547086178264,0.09822918402042005,5,5,1.2091110936747218e-07,0
M1,0.1,64,aligned_guard_1p1,368,0.9520910054543318,0.009395931746984287,0.09794156645607609,5,5,1.2805566749152764e-07,0
M1,0.1,64,aligned_guard_1p1,369,0.9616844110807347,0.009593405626402847,0.09768378799851185,5,5,1.377176477551628e-07,0
M1,0.1,64,aligned_guard_1p1,370,0.9715052890615814,0.009820877980846727,0.09915424419325952,5,5,1.4858403017615652e-07,0
M1,0.1,64,aligned_guard_1p1,371,0.9814099361704889,0.009904647108907465,0.10105370486323413,5,5,1.4726881680561673e-07,0
M1,0.1,64,aligned_guard_1p1,372,0.9912113057712496,0.009801369600760699,0.10049446650329681,5,5,1.3164694139458917e-07,0
M1,0.1,64,aligned_guard_1p1,373,1.0009644493440244,0.009753143572774882,0.09989988984607157,5,5,1.1957754835821266e-07,0
M1,0.1,64,aligned_guard_1p1,374,1.0107273665882803,0.009762917244256014,0.09939174187146484,5,5,1.1151566113011098e-07,0
M1,0.1,64,aligned_guard_1p1,375,1.0205500309871813,0.00982266439890106,0.09895666283107485,5,5,1.0745251181161093e-07,0
M1,0.1,64,aligned_guard_1p1,376,1.0304762594167607,0.009926228429579275,0.09857944114209743,5,5,1.0740318345832406e-07,0
M1,0.1,64,aligned_guard_1p1,377,1.0405455277292794,0.010069268312518738,0.09824870858172341,5,5,1.1106824453031688e-07,0
M1,0.1,64,aligned_guard_1p1,378,1.050794281588617,0.010248753859337609,0.09795596630141246,5,5,1.1764992819858542e-07,0
M1,0.1,64,aligned_guard_1p1,379,1.0612568947874925,0.010462613198875492,0.09769470937010269,5,5,1.2606568247734626e-07,0
M1,0.1,64,aligned_guard_1p1,380,1.0719663930462358,0.010709498258743316,0.09961311830859217,5,5,1.3519344570782733e-07,0
M1,0.1,64,aligned_guard_1p1,381,1.0827174853125838,0.01075109226634818,0.10091790874596418,5,5,1.304751052215575e-07,0
M1,0.1,64,aligned_guard_1p1,382,1.0933707899638043,0.010653304651220418,0.10034013590364624,5,5,1.1711601304864688e-07,0
M1,0.1,64,aligned_guard_1p1,383,1.1039879817338558,0.0106171917700515,0.09976031440595083,5,5,1.0743498679857124e-07,0
M1,0.1,64,aligned_guard_1p1,384,1.1146306825245202,0.01064270079066448,0.09926589202356648,5,5,1.0168992880307221e-07,0
M1,0.1,64,aligned_guard_1p1,385,1.1253520900228156,0.010721407498295409,0.098842442758039,5,5,9.974268703070423e-08,0
M1,0.1,64,aligned_guard_1p1,386,1.1361990573772554,0.010846967354439876,0.09847534429910715,5,5,1.012873098751226e-07,0
M1,0.1,64,aligned_guard_1p1,387,1.1472139641355334,0.011014906758277996,0.0981536718710908,5,5,1.0567074792152025e-07,0
M1,0.1,64,aligned_guard_1p1,388,1.1584360677494914,0.011222103613957835,0.09786920386353334,5,5,1.1194575541884854e-07,0
M1,0.1,64,aligned_guard_1p1,389,1.169902497607862,0.011466429858370656,0.0977685067776096,5,5,1.1910867256332956e-07,0
M1,0.1,64,aligned_guard_1p1,390,1.1816306401726788,0.011728142564816827,0.10111193872943415,5,5,1.255149790620784e-07,0
M1,0.1,64,aligned_guard_1p1,391,1.1932298071080496,0.011599166935370721,0.10059964070017366,5,5,1.1177945303190845e-07,0
M1,0.1,64,aligned_guard_1p1,392,1.2047598353016302,0.011530028193580516,0.09997463611304248,5,5,1.0137142578853818e-07,0
M1,0.1,64,aligned_guard_1p1,393,1.2162927887004737,0.011532953398843462,0.09944103350903498,5,5,9.49549999625927e-08,0
M1,0.1,64,aligned_guard_1p1,394,1.2278905698094116,0.011597781108937897,0.09898766297594935,5,5,9.22157177602697e-08,0
M1,0.1,64,aligned_guard_1p1,395,1.2396069602769346,0.011716390467522974,0.09859761928416495,5,5,9.274978260526201e-08,0
M1,0.1,64,aligned_guard_1p1,396,1.2514899961479686,0.011883035871034118,0.09825819134082936,5,5,9.587437297283946e-08,0
M1,0.1,64,aligned_guard_1p1,397,1.2635836808666454,0.012093684718676828,0.09795989912352557,5,5,1.0071746946151179e-07,0
M1,0.1,64,aligned_guard_1p1,398,1.275929227183947,0.012345546317301658,0.09769548948450646,5,5,1.0639854802600846e-07,0
M1,0.1,64,aligned_guard_1p1,399,1.288565989006262,0.012636761822314775,0.10065025342352127,5,5,1.1233837326547284e-07,0
M1,0.1,64,aligned_guard_1p1,400,1.301121110719807,0.012555121713545185,0.10061790641155263,5,5,1.02281295493573e-07,0
M1,0.1,64,aligned_guard_1p1,401,1.3135991299524787,0.012478019232671738,0.10000606915371958,5,5,9.300580544329322e-08,0
M1,0.1,64,aligned_guard_1p1,402,1.3260763919209415,0.012477261968462878,0.09946266500158668,5,5,8.752591761818693e-08,0
M1,0.1,64,aligned_guard_1p1,403,1.3386210607856495,0.012544668864708012,0.09900145752706344,5,5,8.550702917525284e-08,0
M1,0.1,64,aligned_guard_1p1,404,1.3512922569256445,0.012671196139994961,0.09860601979898231,5,5,8.639156789495164e-08,0
M1,0.1,64,aligned_guard_1p1,405,1.3641425840819645,0.012850327156320061,0.09826305009112052,5,5,8.942342834195753e-08,0
M1,0.1,64,aligned_guard_1p1,406,1.3772200604521807,0.013077476370216268,0.09796259104017697,5,5,9.376801373296116e-08,0
M1,0.1,64,aligned_guard_1p1,407,1.3905695199053845,0.013349459453203786,0.09776986624120215,5,5,9.871804431129312e-08,0
M1,0.1,64,aligned_guard_1p1,408,1.4042234809533316,0.013653961047947165,0.10099046800825039,5,5,1.0363785595686305e-07,0
M1,0.1,64,aligned_guard_1p1,409,1.4177435302384105,0.013520049285078776,0.1004749120411339,5,5,9.302977327911138e-08,0
M1,0.1,64,aligned_guard_1p1,410,1.4311996746732956,0.013456144434885136,0.09985675685542927,5,5,8.562417480205966e-08,0
M1,0.1,64,aligned_guard_1p1,411,1.444675121762336,0.013475447089040441,0.09933068679475612,5,5,8.177530841429883e-08,0
M1,0.1,64,aligned_guard_1p1,412,1.4582413695392031,0.013566247776867118,0.09888494766270832,5,5,8.090451630673517e-08,0
M1,0.1,64,aligned_guard_1p1,413,1.4719605938473768,0.013719224308173699,0.09850262423323629,5,5,8.229401371251117e-08,0
M1,0.1,64,aligned_guard_1p1,414,1.4858883692898757,0.013927775442498947,0.09817096249590405,5,5,8.516100924491134e-08,0
M1,0.1,64,aligned_guard_1p1,415,1.5000756351456832,0.014187265855807466,0.09788038798741773,5,5,8.881290200697196e-08,0
M1,0.1,64,aligned_guard_1p1,416,1.5145701280134793,0.014494492867796154,0.09927387536559122,5,5,9.285600752447861e-08,0
M1,0.1,64,aligned_guard_1p1,417,1.5291706387867496,0.014600510773270377,0.10068985538859754,5,5,9.020728896295398e-08,0
M1,0.1,64,aligned_guard_1p1,418,1.54367111722812,0.014500478441370162,0.10012471350780151,5,5,8.204296252623265e-08,0
M1,0.1,64,aligned_guard_1p1,419,1.5581535341393455,0.014482416911225733,0.09955525460734538,5,5,7.711198209898286e-08,0
M1,0.1,64,aligned_guard_1p1,420,1.5727006486722204,0.014547114532874886,0.099072237923988,5,5,7.51873726205439e-08,0
M1,0.1,64,aligned_guard_1p1,421,1.587383989674405,0.014683341002184677,0.09866113272356195,5,5,7.554736870829772e-08,0
M1,0.1,64,aligned_guard_1p1,422,1.602266588927878,0.014882599253472842,0.0983070944650804,5,5,7.744553289723372e-08,0
M1,0.1,64,aligned_guard_1p1,423,1.6174054752254068,0.015138886297528895,0.09799892424918609,5,5,8.023489296464625e-08,0
M1,0.1,64,aligned_guard_1p1,424,1.6328534879597452,0.015448012734338386,0.09838045152167971,5,5,8.356908577828556e-08,0
M1,0.1,64,aligned_guard_1p1,425,1.6485558073691393,0.015702319409394223,0.10077490851385978,5,5,8.491998314749111e-08,0
M1,0.1,64,aligned_guard_1p1,426,1.664137383816053,0.01558157644691352,0.10023914649224508,5,5,7.729148578986557e-08,0
M1,0.1,64,aligned_guard_1p1,427,1.6796817863695193,0.01554440255346645,0.09964841849400079,5,5,7.265991786679534e-08,0
M1,0.1,64,aligned_guard_1p1,428,1.6952810329891757,0.01559924661965637,0.09914748141837924,5,5,7.086275834198448e-08,0
M1,0.1,64,aligned_guard_1p1,429,1.7110144095676803,0.01573337657850449,0.0987230452244164,5,5,7.115305390678201e-08,0
M1,0.1,64,aligned_guard_1p1,430,1.7269512929394801,0.01593688337179988,0.0983590744971317,5,5,7.282504937429559e-08,0
M1,0.1,64,aligned_guard_1p1,431,1.7431540515088124,0.016202758569332232,0.09804344408451997,5,5,7.530288253307867e-08,0
M1,0.1,64,aligned_guard_1p1,432,1.7596801524843804,0.01652610097556791,0.09835030390927836,5,5,7.834785172872724e-08,0
M1,0.1,64,aligned_guard_1p1,433,1.7764834569162733,0.0168033044318929,0.10072331278173305,5,5,7.991796414714753e-08,0
M1,0.1,64,aligned_guard_1p1,434,1.7931660937039509,0.01668263678767753,0.1001896935765138,5,5,7.315654534556513e-08,0
M1,0.1,64,aligned_guard_1p1,435,1.8098171445178124,0.016651050813861586,0.09960321415601633,5,5,6.908276626690002e-08,0
M1,0.1,64,aligned_guard_1p1,436,1.8265345275409945,0.016717383023182104,0.09910648516352735,5,5,6.748822371973659e-08,0
M1,0.1,64,aligned_guard_1p1,437,1.843402629558333,0.016868102017338366,0.09868606658514127,5,5,6.762427105105901e-08,0
M1,0.1,64,aligned_guard_1p1,438,1.86049531812221,0.01709268856387688,0.09832589809416402,5,5,6.883631285137234e-08,0
M1,0.1,64,aligned_guard_1p1,439,1.877879027699424,0.017383709577214013,0.09801382022639576,5,5,7.07414271240107e-08,0
M1,0.1,64,aligned_guard_1p1,440,1.8956150056840189,0.01773597798459494,0.09906245178613511,5,5,7.325736433059521e-08,0
M1,0.1,64,aligned_guard_1p1,441,1.9135188407545307,0.01790383507051184,0.1005423642728334,5,5,7.211176630649783e-08,0
M1,0.1,64,aligned_guard_1p1,442,1.9313260956365899,0.017807254882059167,0.09998987563323802,5,5,6.663569130288904e-08,0
M1,0.1,64,aligned_guard_1p1,443,1.9491351535729913,0.017809057936401505,0.0994316363580988,5,5,6.364129260752835e-08,0
M1,0.1,64,aligned_guard_1p1,444,1.967046010307022,0.01791085673403075,0.0989596572774044,5,5,6.268939641712427e-08,0
M1,0.1,64,aligned_guard_1p1,445,1.9851451602301295,0.018099149923107464,0.09855929885844207,5,5,6.310692526698387e-08,0
M1,0.1,64,aligned_guard_1p1,446,2.0035088764220466,0.01836371619191687,0.09821557095394172,5,5,6.44124534306842e-08,0
M1,0.1,64,aligned_guard_1p1,447,2.02220623368786,0.018697357265813334,0.09791711354241682,5,5,6.642883091805441e-08,0
M1,0.1,64,aligned_guard_1p1,448,2.0413013199188423,0.019095086230982296,0.10034648581632157,5,5,6.933188794443865e-08,0
M1,0.1,64,aligned_guard_1p1,449,2.0603304728340075,0.01902915291516511,0.10025175864436064,5,5,6.489993074643999e-08,0
M1,0.1,64,aligned_guard_1p1,450,2.0793118385202396,0.018981365686232318,0.09966886432242308,5,5,6.143923111785532e-08,0
M1,0.1,64,aligned_guard_1p1,451,2.0983562671041036,0.01904442858386415,0.09915763173167093,5,5,6.003573597451587e-08,0
M1,0.1,64,aligned_guard_1p1,452,2.117562482754151,0.019206215650047,0.09872628578504845,5,5,6.006411750731511e-08,0
M1,0.1,64,aligned_guard_1p1,453,2.1370164868193537,0.01945400406520274,0.09835849031564813,5,5,6.101579002809276e-08,0
M1,0.1,64,aligned_guard_1p1,454,2.1567951597155846,0.019778672896230646,0.098041097214625,5,5,6.268054241958155e-08,0
M1,0.1,64,aligned_guard_1p1,455,2.1769690189013224,0.02017385918573769,0.09946936889120224,5,5,6.512139258796616e-08,0
M1,0.1,64,aligned_guard_1p1,456,2.1972504979240792,0.020281479022756732,0.10035600033569697,5,5,6.339668055515102e-08,0
M1,0.1,64,aligned_guard_1p1,457,2.217460030941451,0.0202095330173721,0.0997989692980617,5,5,5.95154749222697e-08,0
M1,0.1,64,aligned_guard_1p1,458,2.237710273162905,0.020250242221454096,0.09926633665790394,5,5,5.749871180801373e-08,0
M1,0.1,64,aligned_guard_1p1,459,2.2581101820375937,0.020399908874688687,0.09881685060485162,5,5,5.68979521775369e-08,0
M1,0.1,64,aligned_guard_1p1,460,2.2787543421679985,0.02064416013040504,0.09843517665761366,5,5,5.7229930759943846e-08,0
M1,0.1,64,aligned_guard_1p1,461,2.299726682373382,0.020972340205383556,0.09810706419330317,5,5,5.829594545074867e-08,0
M1,0.1,64,aligned_guard_1p1,462,2.3211036753328913,0.021376992959509167,0.09917072679362288,5,5,6.02011998622986e-08,0
M1,0.1,64,aligned_guard_1p1,463,2.3426594243433785,0.021555749010487037,0.10036010292792244,5,5,5.933302892430433e-08,0
M1,0.1,64,aligned_guard_1p1,464,2.3641378289898625,0.021478404646484022,0.09981402045746174,5,5,5.568363835311344e-08,0
M1,0.1,64,aligned_guard_1p1,465,2.385656253503819,0.02151842451395652,0.0992775815571293,5,5,5.378956618826006e-08,0
M1,0.1,64,aligned_guard_1p1,466,2.4073312622786585,0.021675008774839806,0.09882503351947197,5,5,5.325311332152272e-08,0
M1,0.1,64,aligned_guard_1p1,467,2.4292639730533723,0.021932710774713853,0.09844134612327789,5,5,5.3686136753504686e-08,0
M1,0.1,64,aligned_guard_1p1,468,2.451543951577079,0.02227997852370646,0.09811192659972592,5,5,5.4931040234742764e-08,0
M1,0.1,64,aligned_guard_1p1,469,2.4742526877071964,0.02270873613011764,0.09939972152627248,5,5,5.7106380235469446e-08,0
M1,0.1,64,aligned_guard_1p1,470,2.497098562707073,0.022845874999876597,0.10026453875146325,5,5,5.611854630299371e-08,0
M1,0.1,64,aligned_guard_1p1,471,2.519884160969792,0.02278559826271897,0.09971662055942068,5,5,5.3211955031245526e-08,0
M1,0.1,64,aligned_guard_1p1,472,2.542734512430651,0.02285035146085916,0.09919414019176742,5,5,5.178165242773783e-08,0
M1,0.1,64,aligned_guard_1p1,473,2.5657705016702206,0.023035989239569635,0.09875357580736283,5,5,5.1472156988121785e-08,0
M1,0.1,64,aligned_guard_1p1,474,2.589097241032556,0.0233267393623352,0.09837961586085557,5,5,5.200415825288626e-08,0
M1,0.1,64,aligned_guard_1p1,475,2.6128081888322785,0.02371094779972272,0.09805813200105203,5,5,5.3295759945992656e-08,0
M1,0.1,64,aligned_guard_1p1,476,2.6369886900470765,0.024180501214798117,0.10006754124286846,5,5,5.5446831823128026e-08,0
M1,0.1,64,aligned_guard_1p1,477,2.661152870474085,0.02416418042700874,0.10007881979072457,5,5,5.267538325595831e-08,0
M1,0.1,64,aligned_guard_1p1,478,2.6852980197449687,0.024145149270883296,0.09952043877476688,5,5,5.006284822896574e-08,0
M1,0.1,64,aligned_guard_1p1,479,2.7095595177529592,0.024261498007990327,0.09902733959241608,5,5,4.874808517643215e-08,0
M1,0.1,64,aligned_guard_1p1,480,2.734059315594492,0.02449979784153302,0.09861169738008763,5,5,4.8406020449698795e-08,0
M1,0.1,64,aligned_guard_1p1,481,2.7589040333028807,0.024844717708388413,0.09825756978728445,5,5,4.887988797298485e-08,0
M1,0.1,64,aligned_guard_1p1,482,2.7841893296542706,0.02528529635138969,0.09873290973152075,5,5,5.019887977015144e-08,0
M1,0.1,64,aligned_guard_1p1,483,2.8097991252332184,0.02560979557894797,0.1003084611710861,5,5,5.058716381657637e-08,0
M1,0.1,64,aligned_guard_1p1,484,2.835330167460322,0.02553104222710376,0.09978257500227433,5,5,4.7577251956744255e-08,0
M1,0.1,64,aligned_guard_1p1,485,2.8609168415129025,0.02558667405258066,0.09924758299408859,5,5,4.5885833656910196e-08,0
M1,0.1,64,aligned_guard_1p1,486,2.8866974935758396,0.02578065206293705,0.09879662049502332,5,5,4.5295818491522055e-08,0
M1,0.1,64,aligned_guard_1p1,487,2.9127921635491263,0.026094669973286886,0.09841504638794106,5,5,4.5581185855702395e-08,0
M1,0.1,64,aligned_guard_1p1,488,2.939307082691088,0.02651491914196192,0.09808790576897107,5,5,4.6711325019236755e-08,0
M1,0.1,64,aligned_guard_1p1,489,2.9663388751777306,0.02703179248664273,0.10020057550117355,5,5,4.872830521685007e-08,0
M1,0.1,64,aligned_guard_1p1,490,2.9933165570437654,0.026977681866034924,0.09995039372126714,5,5,4.622154916810945e-08,0
M1,0.1,64,aligned_guard_1p1,491,3.0203076281757792,0.02699107113201366,0.09939855409588809,5,5,4.437191271605082e-08,0
M1,0.1,64,aligned_guard_1p1,492,3.0474620182748304,0.027154390099050973,0.09892273909217857,5,5,4.3613273779772284e-08,0
M1,0.1,64,aligned_guard_1p1,493,3.0749121175626675,0.02745009928783701,0.09852157402049165,5,5,4.371712578987949e-08,0
M1,0.1,64,aligned_guard_1p1,494,3.102774136172041,0.02786201860937344,0.09817917633132982,5,5,4.460126629463878e-08,0
M1,0.1,64,aligned_guard_1p1,495,3.131152881696801,0.02837874552475995,0.09971006687048783,5,5,4.6263913037056254e-08,0
M1,0.1,64,aligned_guard_1p1,496,3.1596141458554348,0.028461264158633804,0.10001097603694424,5,5,4.476291142146329e-08,0
M1,0.1,64,aligned_guard_1p1,497,3.1880722864380444,0.028458140582609814,0.0994724823954514,5,5,4.2720639085099696e-08,0
M1,0.1,64,aligned_guard_1p1,498,3.216681344840221,0.028609058402176896,0.09898467374410513,5,5,4.1739778284038666e-08,0
M1,0.1,64,aligned_guard_1p1,499,3.245583858047606,0.028902513207384958,0.09857335407613942,5,5,4.1710434062072394e-08,0
M1,0.1,64,aligned_guard_1p1,500,3.2749046755020474,0.02932081745444135,0.09825816263151217,5,5,4.253777821755169e-08,0
M1,0.1,64,aligned_guard_1p1,501,3.3047452675395763,0.029840592037529038,0.09969744853583068,5,5,4.418278032898329e-08,0
M1,0.1,64,aligned_guard_1p1,502,3.3346764167071545,0.029931149167578254,0.09984421435190466,5,5,4.316905376075598e-08,0
M1,0.1,64,aligned_guard_1p1,503,3.364654267063195,0.02997785035604047,0.0994605107933242,5,5,4.197744338950322e-08,0
M1,0.1,64,aligned_guard_1p1,504,3.394794721920031,0.030140454856836092,0.09917667282380778,5,5,4.158160138077505e-08,0
M1,0.1,64,aligned_guard_1p1,505,3.4251853914178696,0.030390669497838557,0.1010261749258822,5,5,4.176390826263556e-08,0
M1,0.1,64,aligned_guard_1p1,506,3.4552673672227883,0.03008197580491853,0.10112127786409507,5,5,3.867979643295691e-08,0
M1,0.1,64,aligned_guard_1p1,507,3.4850157806529944,0.029748413430206146,0.10042077403023064,5,5,3.57406266034191e-08,0
M1,0.1,64,aligned_guard_1p1,508,3.514639544976152,0.02962376432315757,0.09980585496227333,5,5,3.413919159608333e-08,0
M1,0.1,64,aligned_guard_1p1,509,3.544320934243701,0.029681389267548857,0.0992963707362755,5,5,3.351596570195163e-08,0
M1,0.1,64,aligned_guard_1p1,510,3.5742126503733678,0.029891716129666655,0.09994477020996397,5,5,3.3655489819862896e-08,0
M1,0.1,64,aligned_guard_1p1,511,3.6041208847580886,0.029908234384720827,0.10148338656081288,5,5,3.27864073165862e-08,0
M1,0.1,64,aligned_guard_1p1,512,3.6335919493315973,0.029471064573508912,0.10082676880980079,5,5,2.9794994299517184e-08,0
M1,0.1,64,aligned_guard_1p1,513,3.6628213543015247,0.02922940496992719,0.10017132348463131,5,5,2.7864223284994656e-08,0
M1,0.1,64,aligned_guard_1p1,514,3.6920007680829663,0.029179413781441836,0.09962186556565678,5,5,2.685136752453085e-08,0
M1,0.1,64,aligned_guard_1p1,515,3.7212909380830563,0.029290170000089846,0.09915851118913607,5,5,2.646602057493564e-08,0
M1,0.1,64,aligned_guard_1p1,516,3.750829673234315,0.029538735151258412,0.09876186380500575,5,5,2.6628640798441192e-08,0
M1,0.1,64,aligned_guard_1p1,517,3.7807387231582608,0.029909049923945687,0.09841771905261576,5,5,2.7240180181798184e-08,0
M1,0.1,64,aligned_guard_1p1,518,3.8111286267364526,0.03038990357819186,0.09974745185621577,5,5,2.8283852439780856e-08,0
M1,0.1,64,aligned_guard_1p1,519,3.8415954737713007,0.030466847034847953,0.10014185394078308,5,5,2.7634369445895726e-08,0
M1,0.1,64,aligned_guard_1p1,520,3.8720191636031904,0.030423689831889797,0.09964476246066889,5,5,2.649988934989574e-08,0
M1,0.1,64,aligned_guard_1p1,521,3.902551315098758,0.030532151495567497,0.09918016068595345,5,5,2.5982135084001505e-08,0
M1,0.1,64,aligned_guard_1p1,522,3.9333358503166886,0.0307845352179306,0.09878079845556625,5,5,2.596811688960969e-08,0
M1,0.1,64,aligned_guard_1p1,523,3.9645003435170327,0.031164493200344145,0.09843482107427662,5,5,2.6389058060015018e-08,0
M1,0.1,64,aligned_guard_1p1,524,3.996160372823967,0.03166002930693412,0.09813159534182328,5,5,2.7206031450645733e-08,0
M1,0.1,64,aligned_guard_1p1,525,4.028423202340447,0.032262829516479644,0.09962459131441097,5,5,2.8394551538221136e-08,0
M1,0.1,64,aligned_guard_1p1,526,4.060807605719989,0.03238440337954264,0.09970477540107564,5,5,2.764310349493079e-08,0
M1,0.1,64,aligned_guard_1p1,527,4.093287898914846,0.03248029319485662,0.09924950450385575,5,5,2.6794596965570923e-08,0
M1,0.1,64,aligned_guard_1p1,528,4.126013798512254,0.032725899597407855,0.09883597978932207,5,5,2.6451459547753662e-08,0
M1,0.1,64,aligned_guard_1p1,529,4.159125120590677,0.033111322078423364,0.098479343631116,5,5,2.6586099897945453e-08,0
M1,0.1,64,aligned_guard_1p1,530,4.192747726974461,0.033622606383783164,0.09967352411290074,5,5,2.7108734565558323e-08,0
M1,0.1,64,aligned_guard_1p1,531,4.2264804626061405,0.03373273563167954,0.10007969403554097,5,5,2.621153023887993e-08,0
M1,0.1,64,aligned_guard_1p1,532,4.260186336666567,0.03370587406042643,0.09956781552549321,5,5,2.4914561072812518e-08,0
M1,0.1,64,aligned_guard_1p1,533,4.294038514584235,0.033852177917669014,0.0990916262823921,5,5,2.41997405701728e-08,0
M1,0.1,64,aligned_guard_1p1,534,4.328201015683164,0.0341625010989292,0.09868420757855956,5,5,2.408677471748823e-08,0
M1,0.1,64,aligned_guard_1p1,535,4.362819017830806,0.03461800214764197,0.09833294270309113,5,5,2.4453297882513105e-08,0
M1,0.1,64,aligned_guard_1p1,536,4.398023905629363,0.035204887798556385,0.09802663006310826,5,5,2.526728628559444e-08,0
M1,0.1,64,aligned_guard_1p1,537,4.433937501532733,0.03591359590337028,0.09775673712213107,5,5,2.6538816987358958e-08,0
M1,0.1,64,aligned_guard_1p1,538,4.470675221060444,0.03673771952771103,0.09956320175440142,5,5,2.8249183794203095e-08,0
M1,0.1,64,aligned_guard_1p1,539,4.5075741143064985,0.036898893246055095,0.09951739836824618,5,5,2.782143239503094e-08,0
M1,0.1,64,aligned_guard_1p1,540,4.544651945772226,0.037077831465727636,0.10018210637795417,5,5,2.746078440794663e-08,0
M1,0.1,64,aligned_guard_1p1,541,4.581662378878758,0.03701043310653218,0.10083257519804777,5,5,2.639313906238769e-08,0
M1,0.1,64,aligned_guard_1p1,542,4.618367216609857,0.03670483773109937,0.10019668086640753,5,5,2.4656371461142344e-08,0
M1,0.1,64,aligned_guard_1p1,543,4.6550000046560385,0.03663278804618091,0.09960568931149139,5,5,2.3703299798961816e-08,0
M1,0.1,64,aligned_guard_1p1,544,4.691777811525705,0.03677780686966707,0.09910920715300338,5,5,2.3404080821109264e-08,0
M1,0.1,64,aligned_guard_1p1,545,4.7288861770612,0.03710836553549462,0.09868827621528309,5,5,2.362735095411447e-08,0
M1,0.1,64,aligned_guard_1p1,546,4.766487771656433,0.03760159459523312,0.09832640959285614,5,5,2.4298043801117406e-08,0
M1,0.1,64,aligned_guard_1p1,547,4.804729374040707,0.03824160238427444,0.09801142627775888,5,5,2.543545901003153e-08,0
M1,0.1,64,aligned_guard_1p1,548,4.843746868058088,0.03901749401738108,0.0977342052448757,5,5,2.701238168927478e-08,0
M1,0.1,64,aligned_guard_1p1,549,4.8836689136915705,0.039922045633482874,0.09866401922759899,5,5,2.9107741160486074e-08,0
M1,0.1,64,aligned_guard_1p1,550,4.924131532127365,0.040462618435795086,0.09935046287508757,5,5,3.0083504667084094e-08,0
M1,0.1,64,aligned_guard_1p1,551,4.964858688564139,0.04072715643677309,0.0989556827772289,5,5,3.0199321418731476e-08,0
M1,0.1,64,aligned_guard_1p1,552,5.0,0.03514131143586141,0.08489741722722277,4,4,1.4241630925061143e-06,0
