eta,grid,time,linear_iterations
0.1,32,1e-06,2
0.1,32,2.1e-06,2
0.1,32,3.31e-06,2
0.1,32,4.641000000000001e-06,2
0.1,32,6.105100000000001e-06,2
0.1,32,7.715610000000002e-06,2
0.1,32,9.487171000000002e-06,2
0.1,32,1.14358881e-05,2
0.1,32,1.357947691e-05,2
0.1,32,1.5937424601e-05,2
0.1,32,1.853116706110001e-05,2
0.1,32,2.138428376721001e-05,2
0.1,32,2.452271214393101e-05,2
0.1,32,2.797498335832411e-05,2
0.1,32,3.177248169415653e-05,2
0.1,32,3.594972986357219e-05,2
0.1,32,4.05447028499294e-05,2
0.1,32,4.559917313492235e-05,2
0.1,32,5.115909044841459e-05,2
0.1,32,5.727499949325605e-05,2
0.1,32,6.400249944258165e-05,2
0.1,32,7.140274938683982e-05,2
0.1,32,7.954302432552381e-05,2
0.1,32,8.849732675807619e-05,2
0.1,32,9.834705943388383e-05,2
0.1,32,0.0001091817653772722,2
0.1,32,0.0001210999419149994,2
0.1,32,0.0001342099361064994,2
0.1,32,0.0001486309297171494,2
0.1,32,0.0001644940226888643,2
0.1,32,0.0001819434249577508,2
0.1,32,0.0002011377674535259,2
0.1,32,0.0002222515441988785,2
0.1,32,0.0002454766986187664,2
0.1,32,0.000271024368480643,2
0.1,32,0.0002991268053287073,2
0.1,32,0.0003300394858615781,2
0.1,32,0.0003640434344477359,2
0.1,32,0.0004014477778925096,2
0.1,32,0.0004425925556817605,2
0.1,32,0.0004878518112499367,2
0.1,32,0.0005376369923749304,2
0.1,32,0.0005924006916124235,2
0.1,32,0.0006526407607736659,2
0.1,32,0.0007189048368510325,2
0.1,32,0.0007917953205361358,2
0.1,32,0.0008719748525897494,2
0.1,32,0.0009601723378487245,3
0.1,32,0.001057189571633597,3
0.1,32,0.001163908528796957,3
0.1,32,0.001281299381676653,3
0.1,32,0.001410429319844318,3
0.1,32,0.00155247225182875,3
0.1,32,0.001708719477011625,3
0.1,32,0.001880591424712788,3
0.1,32,0.002069650567184067,3
0.1,32,0.002277615623902474,3
0.1,32,0.002506377186292721,3
0.1,32,0.002758014904921994,3
0.1,32,0.003034816395414193,3
0.1,32,0.003339298034955613,3
0.1,32,0.003674227838451174,3
0.1,32,0.004042650622296292,3
0.1,32,0.004447915684525921,3
0.1,32,0.004893707252978514,3
0.1,32,0.005384077978276365,3
0.1,32,0.005923485776104002,3
0.1,32,0.006516834353714403,3
0.1,32,0.007169517789085845,3
0.1,32,0.00788746956799443,3
0.1,32,0.008677216524793875,3
0.1,32,0.009545938177273262,3
0.1,32,0.01050153199500059,3
0.1,32,0.01155268519450065,3
0.1,32,0.01270895371395072,3
0.1,32,0.01398084908534579,3
0.1,32,0.01537993399388037,3
0.1,32,0.01691892739326841,3
0.1,32,0.01861182013259525,3
0.1,32,0.02047400214585477,3
0.1,32,0.02252240236044025,3
0.1,32,0.02477564259648428,3
0.1,32,0.02725420685613271,3
0.1,32,0.02998062754174599,5
0.1,32,0.03297969029592059,5
0.1,32,0.03627865932551265,5
0.1,32,0.03990752525806392,5
0.1,32,0.04389927778387032,5
0.1,32,0.0481445577826788,5
0.1,32,0.05230256083788608,5
0.1,32,0.05636726579346925,5
0.1,32,0.06035124966152763,5
0.1,32,0.0642659771764241,5
0.1,32,0.06812106250438411,5
0.1,32,0.07192459136241147,5
0.1,32,0.07568341750168538,5
0.1,32,0.07940339290729126,5
0.1,32,0.08308954683808507,5
0.1,32,0.08674622681741569,5
0.1,32,0.09037721100788398,5
0.1,32,0.09398579877176474,5
0.1,32,0.09757488439322674,5
0.1,32,0.1,5
0.1,64,1e-06,2
0.1,64,2.1e-06,2
0.1,64,3.31e-06,2
0.1,64,4.641000000000001e-06,2
0.1,64,6.105100000000001e-06,2
0.1,64,7.715610000000002e-06,2
0.1,64,9.487171000000002e-06,2
0.1,64,1.14358881e-05,2
0.1,64,1.357947691e-05,2
0.1,64,1.5937424601e-05,2
0.1,64,1.853116706110001e-05,2
0.1,64,2.138428376721001e-05,2
0.1,64,2.452271214393101e-05,2
0.1,64,2.797498335832411e-05,2
0.1,64,3.177248169415653e-05,2
0.1,64,3.594972986357219e-05,2
0.1,64,4.05447028499294e-05,2
0.1,64,4.559917313492235e-05,2
0.1,64,5.115909044841459e-05,2
0.1,64,5.727499949325605e-05,2
0.1,64,6.400249944258165e-05,2
0.1,64,7.140274938683982e-05,2
0.1,64,7.954302432552381e-05,2
0.1,64,8.849732675807619e-05,2
0.1,64,9.834705943388383e-05,2
0.1,64,0.0001091817653772722,2
0.1,64,0.0001210999419149994,2
0.1,64,0.0001342099361064994,2
0.1,64,0.0001486309297171494,2
0.1,64,0.0001644940226888643,2
0.1,64,0.0001819434249577508,2
0.1,64,0.0002011377674535259,2
0.1,64,0.0002222515441988785,2
0.1,64,0.0002454766986187664,2
0.1,64,0.000271024368480643,2
0.1,64,0.0002991268053287073,2
0.1,64,0.0003300394858615781,2
0.1,64,0.0003640434344477359,3
0.1,64,0.0004014477778925096,3
0.1,64,0.0004425925556817605,3
0.1,64,0.0004878518112499367,3
0.1,64,0.0005376369923749304,3
0.1,64,0.0005924006916124235,3
0.1,64,0.0006526407607736659,3
0.1,64,0.0007189048368510325,3
0.1,64,0.0007917953205361358,3
0.1,64,0.0008719748525897494,3
0.1,64,0.0009601723378487245,3
0.1,64,0.001057189571633597,3
0.1,64,0.001163908528796957,3
0.1,64,0.001281299381676653,3
0.1,64,0.001410429319844318,3
0.1,64,0.00155247225182875,3
0.1,64,0.001708719477011625,3
0.1,64,0.001880591424712788,3
0.1,64,0.002069650567184067,3
0.1,64,0.002277615623902474,3
0.1,64,0.002506377186292721,3
0.1,64,0.002758014904921994,3
0.1,64,0.003034816395414193,3
0.1,64,0.003339298034955613,3
0.1,64,0.003674227838451174,3
0.1,64,0.004042650622296292,3
0.1,64,0.004447915684525921,3
0.1,64,0.004893707252978514,3
0.1,64,0.005384077978276365,3
0.1,64,0.005923485776104002,3
0.1,64,0.006516834353714403,3
0.1,64,0.007169517789085845,3
0.1,64,0.00788746956799443,4
0.1,64,0.008677216524793875,4
0.1,64,0.009545938177273262,4
0.1,64,0.01050153199500059,4
0.1,64,0.01155268519450065,4
0.1,64,0.01270895371395072,4
0.1,64,0.01398084908534579,4
0.1,64,0.01537993399388037,5
0.1,64,0.01691892739326841,5
0.1,64,0.01861182013259525,5
0.1,64,0.02047400214585477,5
0.1,64,0.02252240236044025,5
0.1,64,0.02462233541950711,5
0.1,64,0.02667670804779485,5
0.1,64,0.02868668814746281,5
0.1,64,0.0306583624576515,5
0.1,64,0.03259708454793458,5
0.1,64,0.03450734630345794,5
0.1,64,0.03639293579119665,5
0.1,64,0.03825707246980702,5
0.1,64,0.04010251221156264,5
0.1,64,0.04193162938838325,5
0.1,64,0.04374648184310942,5
0.1,64,0.04554886293595019,5
0.1,64,0.04734034370356806,5
0.1,64,0.04912230736540119,6
0.1,64,0.05089597784459257,6
0.1,64,0.05266244356411427,6
0.1,64,0.0544226774829288,6
0.1,64,0.05617755411924222,6
0.1,64,0.05792786414568229,6
0.1,64,0.05967432701900192,6
0.1,64,0.06141760201379957,6
0.1,64,0.06315829795795862,6
0.1,64,0.06488842260811967,6
0.1,64,0.06655966837317158,6
0.1,64,0.0681798799918043,6
0.1,64,0.06975882220052648,6
0.1,64,0.07130479870199889,6
0.1,64,0.07282482758168211,6
0.1,64,0.07432494586168484,6
0.1,64,0.07581044297982954,6
0.1,64,0.0772860351317735,6
0.1,64,0.07875599763697921,6
0.1,64,0.08022426725192525,6
0.1,64,0.08169452246666795,6
0.1,64,0.08317024722278002,6
0.1,64,0.08465478169532366,6
0.1,64,0.08615136246281657,6
0.1,64,0.08764486628860577,6
0.1,64,0.08907220150254803,6
0.1,64,0.09043928656185138,6
0.1,64,0.09175527428476672,6
0.1,64,0.09302791963425855,6
0.1,64,0.09426363976157938,6
0.1,64,0.09546781083229597,6
0.1,64,0.09664500153580868,6
0.1,64,0.09779371578956458,6
0.1,64,0.09891584503325912,6
0.1,64,0.1,6
0.1,128,1e-06,2
0.1,128,2.1e-06,2
0.1,128,3.31e-06,2
0.1,128,4.641000000000001e-06,2
0.1,128,6.105100000000001e-06,2
0.1,128,7.715610000000002e-06,2
0.1,128,9.487171000000002e-06,2
0.1,128,1.14358881e-05,2
0.1,128,1.357947691e-05,2
0.1,128,1.5937424601e-05,2
0.1,128,1.853116706110001e-05,2
0.1,128,2.138428376721001e-05,2
0.1,128,2.452271214393101e-05,2
0.1,128,2.797498335832411e-05,2
0.1,128,3.177248169415653e-05,2
0.1,128,3.594972986357219e-05,2
0.1,128,4.05447028499294e-05,2
0.1,128,4.559917313492235e-05,2
0.1,128,5.115909044841459e-05,2
0.1,128,5.727499949325605e-05,2
0.1,128,6.400249944258165e-05,2
0.1,128,7.140274938683982e-05,2
0.1,128,7.954302432552381e-05,2
0.1,128,8.849732675807619e-05,2
0.1,128,9.834705943388383e-05,2
0.1,128,0.0001091817653772722,2
0.1,128,0.0001210999419149994,3
0.1,128,0.0001342099361064994,3
0.1,128,0.0001486309297171494,3
0.1,128,0.0001644940226888643,3
0.1,128,0.0001819434249577508,3
0.1,128,0.0002011377674535259,3
0.1,128,0.0002222515441988785,3
0.1,128,0.0002454766986187664,3
0.1,128,0.000271024368480643,3
0.1,128,0.0002991268053287073,3
0.1,128,0.0003300394858615781,3
0.1,128,0.0003640434344477359,3
0.1,128,0.0004014477778925096,3
0.1,128,0.0004425925556817605,3
0.1,128,0.0004878518112499367,3
0.1,128,0.0005376369923749304,3
0.1,128,0.0005924006916124235,3
0.1,128,0.0006526407607736659,3
0.1,128,0.0007189048368510325,3
0.1,128,0.0007917953205361358,3
0.1,128,0.0008719748525897494,3
0.1,128,0.0009601723378487245,3
0.1,128,0.001057189571633597,3
0.1,128,0.001163908528796957,3
0.1,128,0.001281299381676653,3
0.1,128,0.001410429319844318,3
0.1,128,0.00155247225182875,3
0.1,128,0.001708719477011625,3
0.1,128,0.001880591424712788,3
0.1,128,0.002069650567184067,3
0.1,128,0.002277615623902474,3
0.1,128,0.002506377186292721,3
0.1,128,0.002758014904921994,4
0.1,128,0.003034816395414193,4
0.1,128,0.003339298034955613,4
0.1,128,0.003674227838451174,4
0.1,128,0.004042650622296292,4
0.1,128,0.004447915684525921,4
0.1,128,0.004893707252978514,4
0.1,128,0.005384077978276365,5
0.1,128,0.005923485776104002,5
0.1,128,0.006516834353714403,5
0.1,128,0.007169517789085845,5
0.1,128,0.00788746956799443,5
0.1,128,0.008677216524793875,5
0.1,128,0.009545938177273262,5
0.1,128,0.01050153199500059,6
0.1,128,0.01155268519450065,6
0.1,128,0.01260183789413914,6
0.1,128,0.01362782209330592,6
0.1,128,0.014632740888303,6
0.1,128,0.01561954950562471,6
0.1,128,0.01659077903006903,6
0.1,128,0.01754855891007462,6
0.1,128,0.0184946940441256,6
0.1,128,0.01943072723574582,6
0.1,128,0.02035798781489322,6
0.1,128,0.02127762990007296,6
0.1,128,0.02219066292192069,6
0.1,128,0.023097976297852,6
0.1,128,0.02400035963708895,6
0.1,128,0.02489851949904451,6
0.1,128,0.02579309347572041,6
0.1,128,0.02668466218767702,6
0.1,128,0.02757375965164238,6
0.1,128,0.02846088238136748,6
0.1,128,0.0293464975119517,6
0.1,128,0.03023105018457792,6
0.1,128,0.03111497038842435,6
0.1,128,0.03199867942576191,6
0.1,128,0.03288259614202262,6
0.1,128,0.03376714304252237,6
0.1,128,0.03465275239929922,6
0.1,128,0.03553776819321412,6
0.1,128,0.0364209974072754,6
0.1,128,0.03730489651443399,6
0.1,128,0.03816269495486018,6
0.1,128,0.03897011598373804,6
0.1,128,0.03973402045955324,6
0.1,128,0.0404618118913858,6
0.1,128,0.0411594203408434,6
0.1,128,0.04183156986593019,6
0.1,128,0.04248208997080465,6
0.1,128,0.04311413969776962,6
0.1,128,0.04373036643965682,6
0.1,128,0.0443330208453537,6
0.1,128,0.04492404176729854,6
0.1,128,0.04550512027633701,6
0.1,128,0.04607774872422121,6
0.1,128,0.04664325891293243,6
0.1,128,0.0472028521849885,6
0.1,128,0.04775762342151381,6
0.1,128,0.04830858037221122,6
0.1,128,0.04885665935040363,6
0.1,128,0.04940273804882922,6
0.1,128,0.04994764603061509,6
0.1,128,0.05049217330040649,6
0.1,128,0.05103707724665307,6
0.1,128,0.05158308815640332,6
0.1,128,0.05213091343091935,6
0.1,128,0.05268124056865629,8
0.1,128,0.05323473892810816,8
0.1,128,0.05379206023468475,8
0.1,128,0.05435383775296147,8
0.1,128,0.05492068401002005,8
0.1,128,0.05549318693255956,8
0.1,128,0.05607190425996532,8
0.1,128,0.05665735613562809,8
0.1,128,0.05722350138420843,8
0.1,128,0.05776187658058943,8
0.1,128,0.05827641510135018,8
0.1,128,0.05877099545513324,8
0.1,128,0.05924874141336154,8
0.1,128,0.05971217049399874,8
0.1,128,0.06016334349422418,8
0.1,128,0.06060397297005673,8
0.1,128,0.06103550155122996,8
0.1,128,0.06145915960028428,8
0.1,128,0.06187600850710759,8
0.1,128,0.06228697378539848,8
0.1,128,0.06269287079888844,8
0.1,128,0.06309442508606695,8
0.1,128,0.06349228868771768,8
0.1,128,0.06388705350140055,8
0.1,128,0.06427926242327181,8
0.1,128,0.06466941884783484,8
0.1,128,0.06505799495404566,8
0.1,128,0.06544543909632904,8
0.1,128,0.06583218253361081,8
0.1,128,0.06621864566505091,8
0.1,128,0.06660524389626783,8
0.1,128,0.06699239323294963,8
0.1,128,0.06738051568735583,8
0.1,128,0.0677700445839263,8
0.1,128,0.06816142985937317,8
0.1,128,0.06855514346713137,8
0.1,128,0.06895168501388393,8
0.1,128,0.06935158777637213,8
0.1,128,0.06975542527043528,8
0.1,128,0.07016381857287425,8
0.1,128,0.07057744463294988,10
0.1,128,0.07099704585775979,10
0.1,128,0.07142344131929623,10
0.1,128,0.07183963559579502,8
0.1,128,0.07225105269642321,10
0.1,128,0.07266593000075393,10
0.1,128,0.07306620660408937,10
0.1,128,0.07345299731572454,8
0.1,128,0.07382832680088812,8
0.1,128,0.07419392194421852,8
0.1,128,0.07455121554053203,8
0.1,128,0.07490140983902925,8
0.1,128,0.07524552713449441,8
0.1,128,0.07558444777391307,8
0.1,128,0.07591893908074301,8
0.1,128,0.07624967775897205,8
0.1,128,0.07657726754649988,8
0.1,128,0.07690225335804331,8
0.1,128,0.0772251328040363,8
0.1,128,0.07754636573137122,8
0.1,128,0.07786638226535687,8
0.1,128,0.07818558971546925,8
0.1,128,0.07850437862464693,8
0.1,128,0.07882312818278311,8
0.1,128,0.07914221118289622,8
0.1,128,0.07946199866867777,8
0.1,128,0.07978286440164629,8
0.1,128,0.08010518926294675,8
0.1,128,0.08042927028239359,8
0.1,128,0.08075401858354102,8
0.1,128,0.08107976656485928,8
0.1,128,0.08140692868408853,8
0.1,128,0.08173593887674695,8
0.1,128,0.08206725247353451,8
0.1,128,0.08240135169163623,8
0.1,128,0.08273875180547066,8
0.1,128,0.08308000801051776,8
0.1,128,0.0834257231644198,8
0.1,128,0.08377655663539309,8
0.1,128,0.0841332345406018,8
0.1,128,0.08449018179022694,8
0.1,128,0.08484083184487506,8
0.1,128,0.08518575891623657,8
0.1,128,0.08552585632854721,8
0.1,128,0.08586193980508623,8
0.1,128,0.08619474340050648,8
0.1,128,0.08652493528812927,8
0.1,128,0.08685313182695313,8
0.1,128,0.08717990936464182,8
0.1,128,0.08750581429436184,8
0.1,128,0.08782951923923854,8
0.1,128,0.08814862659612829,8
0.1,128,0.08846368263332791,8
0.1,128,0.08877532144203459,8
0.1,128,0.08908304466750001,8
0.1,128,0.08938658581772543,8
0.1,128,0.08968649987867784,8
0.1,128,0.08998332664654728,8
0.1,128,0.0902775547018102,8
0.1,128,0.09056962986164718,8
0.1,128,0.09085996439873653,8
0.1,128,0.09114894495464178,8
0.1,128,0.09143693936595451,8
0.1,128,0.09172430267374451,8
0.1,128,0.09201138253515254,8
0.1,128,0.09229852421475365,8
0.1,128,0.09258607530466902,8
0.1,128,0.09287439030353102,8
0.1,128,0.09316383517327252,8
0.1,128,0.09345479198803687,8
0.1,128,0.09374766379059576,8
0.1,128,0.09404287977829769,8
0.1,128,0.09434090095296334,8
0.1,128,0.09464222638794452,8
0.1,128,0.09494740029190961,8
0.1,128,0.09525702008455546,8
0.1,128,0.09557174574689996,8
0.1,128,0.09588366380800396,8
0.1,128,0.09619276951292374,8
0.1,128,0.09649966366907335,8
0.1,128,0.09680493305150321,8
0.1,128,0.09710912668293871,8
0.1,128,0.0974127640242522,8
0.1,128,0.09771634362874448,8
0.1,128,0.09802035087513289,8
0.1,128,0.09832526499022123,8
0.1,128,0.0986315656088885,8
0.1,128,0.09893973908814424,8
0.1,128,0.09925028477120941,8
0.1,128,0.09956142863453411,8
0.1,128,0.09986568055480384,8
0.1,128,0.1,8
0.1,256,1e-06,3
0.1,256,2.1e-06,3
0.1,256,3.31e-06,3
0.1,256,4.641000000000001e-06,3
0.1,256,6.105100000000001e-06,3
0.1,256,7.715610000000002e-06,3
0.1,256,9.487171000000002e-06,3
0.1,256,1.14358881e-05,3
0.1,256,1.357947691e-05,3
0.1,256,1.5937424601e-05,3
0.1,256,1.853116706110001e-05,3
0.1,256,2.138428376721001e-05,3
0.1,256,2.452271214393101e-05,3
0.1,256,2.797498335832411e-05,3
0.1,256,3.177248169415653e-05,3
0.1,256,3.594972986357219e-05,3
0.1,256,4.05447028499294e-05,3
0.1,256,4.559917313492235e-05,3
0.1,256,5.115909044841459e-05,3
0.1,256,5.727499949325605e-05,3
0.1,256,6.400249944258165e-05,3
0.1,256,7.140274938683982e-05,3
0.1,256,7.954302432552381e-05,3
0.1,256,8.849732675807619e-05,3
0.1,256,9.834705943388383e-05,3
0.1,256,0.0001091817653772722,3
0.1,256,0.0001210999419149994,3
0.1,256,0.0001342099361064994,3
0.1,256,0.0001486309297171494,3
0.1,256,0.0001644940226888643,3
0.1,256,0.0001819434249577508,3
0.1,256,0.0002011377674535259,3
0.1,256,0.0002222515441988785,3
0.1,256,0.0002454766986187664,3
0.1,256,0.000271024368480643,3
0.1,256,0.0002991268053287073,3
0.1,256,0.0003300394858615781,3
0.1,256,0.0003640434344477359,3
0.1,256,0.0004014477778925096,3
0.1,256,0.0004425925556817605,3
0.1,256,0.0004878518112499367,3
0.1,256,0.0005376369923749304,3
0.1,256,0.0005924006916124235,3
0.1,256,0.0006526407607736659,3
0.1,256,0.0007189048368510325,3
0.1,256,0.0007917953205361358,3
0.1,256,0.0008719748525897494,4
0.1,256,0.0009601723378487245,4
0.1,256,0.001057189571633597,4
0.1,256,0.001163908528796957,4
0.1,256,0.001281299381676653,4
0.1,256,0.001410429319844318,4
0.1,256,0.00155247225182875,4
0.1,256,0.001708719477011625,4
0.1,256,0.001880591424712788,4
0.1,256,0.002069650567184067,4
0.1,256,0.002277615623902474,4
0.1,256,0.002506377186292721,5
0.1,256,0.002758014904921994,5
0.1,256,0.003034816395414193,5
0.1,256,0.003339298034955613,5
0.1,256,0.003674227838451174,6
0.1,256,0.004042650622296292,6
0.1,256,0.004447915684525921,6
0.1,256,0.004893707252978514,6
0.1,256,0.005384077978276365,6
0.1,256,0.005923485776104002,6
0.1,256,0.006454145986431899,6
0.1,256,0.006973482278200473,6
0.1,256,0.007482963307118398,6
0.1,256,0.007984029866313492,6
0.1,256,0.008477904363579137,6
0.1,256,0.008965625567434408,6
0.1,256,0.009448085749755327,6
0.1,256,0.009926059956141181,6
0.1,256,0.01040022900817516,6
0.1,256,0.01087119787483473,6
0.1,256,0.01133951060725638,6
0.1,256,0.01180566270463979,6
0.1,256,0.0122701115533174,6
0.1,256,0.01273328542342212,6
0.1,256,0.01319559139608123,6
0.1,256,0.01365742251412394,6
0.1,256,0.0141191643911426,8
0.1,256,0.01458120147059834,8
0.1,256,0.01504392309353024,8
0.1,256,0.01550772950646441,8
0.1,256,0.01597303791679805,8
0.1,256,0.0164402886779918,8
0.1,256,0.01689639849933965,8
0.1,256,0.01732659533104529,8
0.1,256,0.01773457137818543,8
0.1,256,0.0181243944103005,8
0.1,256,0.01849931701860913,8
0.1,256,0.01886192893390671,8
0.1,256,0.01921433392895282,8
0.1,256,0.01955827587325596,8
0.1,256,0.01989522738935293,8
0.1,256,0.02022645367133608,8
0.1,256,0.02055305954538575,8
0.1,256,0.02087602494463033,8
0.1,256,0.02119623219699188,8
0.1,256,0.02151448741839152,8
0.1,256,0.02183153759393542,8
0.1,256,0.02214808446232048,8
0.1,256,0.02246479600342502,8
0.1,256,0.02278231611131753,8
0.1,256,0.02310127288065382,8
0.1,256,0.02342228582157654,8
0.1,256,0.02374597223177735,8
0.1,256,0.02407295288334492,8
0.1,256,0.02440385711737802,8
0.1,256,0.0247393273724544,8
0.1,256,0.02508002309418173,8
0.1,256,0.02541506655090168,8
0.1,256,0.02573325380384423,8
0.1,256,0.0260369108478513,8
0.1,256,0.02632869884725018,8
0.1,256,0.02661076101581678,8
0.1,256,0.02688481352192498,8
0.1,256,0.02715225736648986,8
0.1,256,0.0274142588477645,8
0.1,256,0.02767180656535955,8
0.1,256,0.0279257526979351,8
0.1,256,0.0281768435766204,8
0.1,256,0.0284257427913126,8
0.1,256,0.02867304896609892,8
0.1,256,0.02891930964571495,8
0.1,256,0.02916503228397804,8
0.1,256,0.02941069302353811,8
0.1,256,0.02965674374839586,8
0.1,256,0.02990361774235542,8
0.1,256,0.03015173417626735,8
0.1,256,0.03040150156021456,8
0.1,256,0.03065332022352821,8
0.1,256,0.03090758381769923,8
0.1,256,0.03116467976756477,8
0.1,256,0.03142498851668094,8
0.1,256,0.03168888131398245,8
0.1,256,0.03195671615961874,8
0.1,256,0.03222883136029229,10
0.1,256,0.03250553595138265,10
0.1,256,0.03277433327307427,10
0.1,256,0.03303130106417732,10
0.1,256,0.03327821575871128,10
0.1,256,0.03351682313050098,10
0.1,256,0.03374852841660329,10
0.1,256,0.0339744634995296,10
0.1,256,0.03419555330151807,10
0.1,256,0.03441256390829709,10
0.1,256,0.03462613752255272,10
0.1,256,0.03483681850462809,10
0.1,256,0.03503935758586547,10
0.1,256,0.03522860685953652,10
0.1,256,0.03541089141069359,10
0.1,256,0.03559299999631243,10
0.1,256,0.03578130098073466,10
0.1,256,0.03596436353952435,10
0.1,256,0.03613524829322588,10
0.1,256,0.03629860129672945,10
0.1,256,0.036459828589648,8
0.1,256,0.0366241931395191,10
0.1,256,0.03679690988964066,10
0.1,256,0.03697570514713047,10
0.1,256,0.03714259259254014,10
0.1,256,0.03730043253969247,10
0.1,256,0.03745388032766107,8
0.1,256,0.03760764627382155,8
0.1,256,0.03776643709660694,10
0.1,256,0.03793507749405228,10
0.1,256,0.03810940117573471,10
0.1,256,0.03827255041193346,10
0.1,256,0.03842727102911409,10
0.1,256,0.03857799763187681,8
0.1,256,0.03872924936409299,8
0.1,256,0.0388855695805209,10
0.1,256,0.03905163076909744,10
0.1,256,0.03922481649453832,10
0.1,256,0.03938719544190723,10
0.1,256,0.0395415957114495,8
0.1,256,0.03969257767225261,8
0.1,256,0.03984473143722938,8
0.1,256,0.04000263416647134,10
0.1,256,0.04017097628041683,10
0.1,256,0.04034059889814294,10
0.1,256,0.04050066815081119,10
0.1,256,0.04065502978313928,8
0.1,256,0.04080854176068761,10
0.1,256,0.0409659582228702,10
0.1,256,0.0411319961418983,10
0.1,256,0.04130315413973707,10
0.1,256,0.04146556818940949,10
0.1,256,0.0416231030473387,10
0.1,256,0.04178095802823142,10
0.1,256,0.04194410614920739,10
0.1,256,0.04210997967032534,10
0.1,256,0.04227562001243174,10
0.1,256,0.04243772733524707,10
0.1,256,0.04260045621921557,10
0.1,256,0.04276604932461862,10
0.1,256,0.04293222459456493,10
0.1,256,0.0430990729703265,10
0.1,256,0.04326680747636109,10
0.1,256,0.04343565365062383,10
0.1,256,0.04360584667060445,10
0.1,256,0.04377763386519296,10
0.1,256,0.04395127769581041,10
0.1,256,0.0441270590419586,10
0.1,256,0.04430504099115417,10
0.1,256,0.04448468945112478,10
0.1,256,0.04466624635995254,10
0.1,256,0.04485000842937453,8
0.1,256,0.04503629729706282,8
0.1,256,0.0452254073896507,8
0.1,256,0.0454152498369195,8
0.1,256,0.04559891347984521,8
0.1,256,0.04577695579080045,8
0.1,256,0.04595025500102511,8
0.1,256,0.04611955661439292,8
0.1,256,0.04628548045257106,8
0.1,256,0.04644854833228518,8
0.1,256,0.04660920581046472,8
0.1,256,0.04676783852775494,8
0.1,256,0.0469247846794063,8
0.1,256,0.04708034471326387,8
0.1,256,0.04723478901297801,8
0.1,256,0.0473883640980888,8
0.1,256,0.04754129772147815,8
0.1,256,0.04769380314220839,8
0.1,256,0.04784608278104242,8
0.1,256,0.04799833141671092,8
0.1,256,0.04815073904638498,8
0.1,256,0.04830349350956297,8
0.1,256,0.04845678295772602,8
0.1,256,0.04861024244463297,8
0.1,256,0.04876386305748856,8
0.1,256,0.04891784503205816,8
0.1,256,0.04907240069863864,8
0.1,256,0.0492277470633034,8
0.1,256,0.04938410801161439,8
0.1,256,0.04954171706070837,10
0.1,256,0.0497008202730251,10
0.1,256,0.04986141731611518,10
0.1,256,0.05002368442148773,10
0.1,256,0.05018787689858389,10
0.1,256,0.0503542743382443,10
0.1,256,0.05052318209143049,10
0.1,256,0.05069493594075949,10
0.1,256,0.0508699076797992,10
0.1,256,0.05104851169253152,10
0.1,256,0.05122330885925019,10
0.1,256,0.05139321717585274,10
0.1,256,0.05155891510049489,10
0.1,256,0.05172106298036877,10
0.1,256,0.05188021683972804,10
0.1,256,0.05203684658147526,10
0.1,256,0.05219135467378722,10
0.1,256,0.05234409051748575,10
0.1,256,0.05249536147602343,10
0.1,256,0.05264505157039935,10
0.1,256,0.0527930927494991,10
0.1,256,0.05293975837345099,10
0.1,256,0.0530853147102751,10
0.1,256,0.05323000691295986,10
0.1,256,0.05337406309325642,10
0.1,256,0.05351769865121075,10
0.1,256,0.05366112005579101,10
0.1,256,0.0538045281837824,10
0.1,256,0.05394812134222934,10
0.1,256,0.05409209807838807,10
0.1,256,0.05423665986499638,10
0.1,256,0.05438201373830989,10
0.1,256,0.05452837496068266,10
0.1,256,0.05467596977773901,10
0.1,256,0.05482486768224695,10
0.1,256,0.05497468790936286,10
0.1,256,0.05512559874338772,10
0.1,256,0.05527780601029805,10
0.1,256,0.05543153136199876,10
0.1,256,0.05558701439160452,10
0.1,256,0.05574451627674284,10
0.1,256,0.05590432399929997,10
0.1,256,0.05606675522665656,10
0.1,256,0.05623216401920679,10
0.1,256,0.05639854272546239,10
0.1,256,0.05656508787185436,10
0.1,256,0.05673033011807103,10
0.1,256,0.05689081739541825,10
0.1,256,0.05704707076858639,10
0.1,256,0.0571997419791147,10
0.1,256,0.05734938647596022,10
0.1,256,0.05749647342874921,10
0.1,256,0.05764140465622399,10
0.1,256,0.0577845295295404,10
0.1,256,0.05792615640477809,10
0.1,256,0.05806656154462116,10
0.1,256,0.05820599622312673,10
0.1,256,0.05834469250174039,10
0.1,256,0.05848286802641706,10
0.1,256,0.05862073010234477,10
0.1,256,0.05875847923896488,10
0.1,256,0.05889631231404767,10
0.1,256,0.05903442547535705,11
0.1,256,0.0591730168779495,11
0.1,256,0.05931228934182588,11
0.1,256,0.05945245300683241,11
0.1,256,0.05959372805836185,11
0.1,256,0.05973634759796735,11
0.1,256,0.05987931024176217,11
0.1,256,0.06002267485241951,11
0.1,256,0.06016660589268132,11
0.1,256,0.06031127919338759,11
0.1,256,0.06045687976888428,11
0.1,256,0.06060360435607861,11
0.1,256,0.06075166440881984,11
0.1,256,0.06090128941283265,11
0.1,256,0.0610527306016249,11
0.1,256,0.06120626518152757,12
0.1,256,0.06136220119902729,10
0.1,256,0.06152088321676074,10
0.1,256,0.06168242238468207,10
0.1,256,0.0618394397291535,10
0.1,256,0.06199220654526912,12
0.1,256,0.06214137263199621,12
0.1,256,0.06228750366675634,12
0.1,256,0.06243107699925677,12
0.1,256,0.06257250064006002,12
0.1,256,0.06271212880877947,12
0.1,256,0.0628502738343753,12
0.1,256,0.06298721539583453,12
0.1,256,0.06312320784644566,12
0.1,256,0.06325848614332291,12
0.1,256,0.06339327075420494,12
0.1,256,0.06352777181309537,12
0.1,256,0.06366219272806732,12
0.1,256,0.06379673339783869,12
0.1,256,0.06393159316179128,12
0.1,256,0.06406697358663643,12
0.1,256,0.06420308117914771,12
0.1,256,0.06434013010652199,12
0.1,256,0.06447834500292085,12
0.1,256,0.06461783890250017,10
0.1,256,0.06475706575114923,10
0.1,256,0.06489610200285631,10
0.1,256,0.06503510608765357,10
0.1,256,0.06517424041294353,10
0.1,256,0.06531366980814056,10
0.1,256,0.06545356388644209,10
0.1,256,0.06559409962994221,10
0.1,256,0.06573546406844154,10
0.1,256,0.06587785710721182,10
0.1,256,0.06602149457425477,10
0.1,256,0.06616661156806576,10
0.1,256,0.06631346620151524,10
0.1,256,0.06646234385759042,10
0.1,256,0.06661356209988591,10
0.1,256,0.06676525834225197,10
0.1,256,0.06691343400328298,10
0.1,256,0.06705840249071433,10
0.1,256,0.06720066311595403,10
0.1,256,0.0673406548489188,10
0.1,256,0.06747875734598269,10
0.1,256,0.06761530350268878,10
0.1,256,0.06775058982519637,10
0.1,256,0.06788488460655498,10
0.1,256,0.06801843447968123,10
0.1,256,0.06815146978537585,10
0.1,256,0.06828420907365197,10
0.1,256,0.06841686297396077,10
0.1,256,0.06854963761358353,10
0.1,256,0.06868273772510691,10
0.1,256,0.06881636955810418,10
0.1,256,0.06895074369345523,10
0.1,256,0.06908607784897126,10
0.1,256,0.06922259976081897,10
0.1,256,0.06936055022595455,10
0.1,256,0.06949851281572075,10
0.1,256,0.06963565198868948,10
0.1,256,0.06977210103972051,10
0.1,256,0.06990803655640758,10
0.1,256,0.07004363140826146,10
0.1,256,0.07017905515269335,10
0.1,256,0.07031447674534085,10
0.1,256,0.07045006721556119,10
0.1,256,0.07058600225518977,10
0.1,256,0.07072246478409773,10
0.1,256,0.07085964756034681,10
0.1,256,0.07099775590482779,10
0.1,256,0.07113701061575253,10
0.1,256,0.07127765115770118,10
0.1,256,0.07141993922361338,10
0.1,256,0.07156416278703971,10
0.1,256,0.07170932220260252,10
0.1,256,0.07185179863106655,10
0.1,256,0.07199182120683581,10
0.1,256,0.07212979340946359,10
0.1,256,0.07226607885766748,10
0.1,256,0.07240099967057986,10
0.1,256,0.07253484519316269,10
0.1,256,0.0726678795010517,10
0.1,256,0.07280034750436988,10
0.1,256,0.07293248000175979,10
0.1,256,0.0730644979690355,10
0.1,256,0.07319661629696828,10
0.1,256,0.07332904714391204,10
0.1,256,0.07346200303598785,10
0.1,256,0.07359569982588693,10
0.1,256,0.07373035960811786,10
0.1,256,0.07386621368193291,10
0.1,256,0.07400350565222806,10
0.1,256,0.07414249476302283,10
0.1,256,0.07428047826863086,10
0.1,256,0.07441703117868004,10
0.1,256,0.07455235496939787,10
0.1,256,0.07468666743852735,10
0.1,256,0.07482017293253743,10
0.1,256,0.07495306471788232,10
0.1,256,0.07508552857924042,10
0.1,256,0.07521774606850788,10
0.1,256,0.07534989743681444,10
0.1,256,0.07548216434891866,10
0.1,256,0.07561473246904948,10
0.1,256,0.07574779399849904,10
0.1,256,0.07588155024117228,11
0.1,256,0.07601621427338097,11
0.1,256,0.07615201379815902,11
0.1,256,0.07628919427236347,11
0.1,256,0.07642802240726163,11
0.1,256,0.07656872545998389,11
0.1,256,0.07670745797654495,11
0.1,256,0.07684436401630219,11
0.1,256,0.07697978080040439,11
0.1,256,0.077114021458573,11
0.1,256,0.07724737044684486,10
0.1,256,0.07738008979984685,10
0.1,256,0.07751242482277748,10
0.1,256,0.07764460889347971,10
0.1,256,0.07777686759556296,10
0.1,256,0.07790942237713668,10
0.1,256,0.07804249388953945,11
0.1,256,0.07817630513258961,11
0.1,256,0.07831108451524851,11
0.1,256,0.07844706893087688,11
0.1,256,0.07858450694309391,11
0.1,256,0.07872366218098142,11
0.1,256,0.07886481705097403,11
0.1,256,0.07900402330143921,11
0.1,256,0.07914117506087645,11
0.1,256,0.07927656135639012,11
0.1,256,0.0794104615927584,11
0.1,256,0.07954312912618157,11
0.1,256,0.07967479630032537,11
0.1,256,0.07980567963387986,11
0.1,256,0.07993598421045306,11
0.1,256,0.08006590743051671,11
0.1,256,0.08019564229763845,11
0.1,256,0.08032538037728075,11
0.1,256,0.08045531454117075,11
0.1,256,0.08058564159361849,11
0.1,256,0.08071656486619438,11
0.1,256,0.08084829686255091,11
0.1,256,0.08098106203516349,11
0.1,256,0.08111509978012102,11
0.1,256,0.08125066774497382,11
0.1,256,0.08138804555860969,11
0.1,256,0.08152437262398132,11
0.1,256,0.08165947408375014,11
0.1,256,0.08179362494231175,11
0.1,256,0.08192710207756038,11
0.1,256,0.08206016493522306,11
0.1,256,0.08219305941264318,11
0.1,256,0.08232602230231588,11
0.1,256,0.08245928525361053,11
0.1,256,0.08259307835979353,11
0.1,256,0.08272763350864061,11
0.1,256,0.08286318761669033,11
0.1,256,0.08299998585489286,11
0.1,256,0.08313828496839772,11
0.1,256,0.08327835679479402,11
0.1,256,0.08342049209311946,11
0.1,256,0.08356398877456722,11
0.1,256,0.08370472231344475,11
0.1,256,0.08384286763293684,11
0.1,256,0.08397880636788337,11
0.1,256,0.08411288452202877,11
0.1,256,0.08424540854638632,11
0.1,256,0.08437665355902178,11
0.1,256,0.08450687052551882,11
0.1,256,0.08463629209514245,11
0.1,256,0.08476513742084354,11
0.1,256,0.084893616235482,11
0.1,256,0.08502193239051208,11
0.1,256,0.08515028701678479,11
0.1,256,0.08527888143552304,11
0.1,256,0.08540791992667064,11
0.1,256,0.08553761244894777,11
0.1,256,0.08566817739936138,11
0.1,256,0.08579984449866365,11
0.1,256,0.08593285789293208,11
0.1,256,0.08606747957014708,11
0.1,256,0.08620341868067204,11
0.1,256,0.0863385511624781,11
0.1,256,0.08647303275033535,11
0.1,256,0.0866071265521357,11
0.1,256,0.08674108837937625,11
0.1,256,0.08687516501670355,11
0.1,256,0.0870095980613512,11
0.1,256,0.08714462768838488,11
0.1,256,0.08728049618378815,11
0.1,256,0.08741745135772119,11
0.1,256,0.08755574995220435,11
0.1,256,0.08769566115300563,11
0.1,256,0.08783747031751903,11
0.1,256,0.08798148303949488,11
0.1,256,0.08812802968828229,11
0.1,256,0.08827271619250013,11
0.1,256,0.08841412945084184,11
0.1,256,0.08855267652786392,11
0.1,256,0.08868880453243945,11
0.1,256,0.08882290450712391,11
0.1,256,0.08895531885079254,11
0.1,256,0.08908635200587338,11
0.1,256,0.08921627908227921,11
0.1,256,0.08934535273333723,11
0.1,256,0.08947380875063855,11
0.1,256,0.08960187072712317,11
0.1,256,0.08972975404607414,11
0.1,256,0.08985766939110142,11
0.1,256,0.08998582592985002,11
0.1,256,0.09011443429592625,11
0.1,256,0.09024370947549296,11
0.1,256,0.09037387369471211,11
0.1,256,0.09050515940027858,11
0.1,256,0.09063781242698772,11
0.1,256,0.09077209545348833,11
0.1,256,0.09090807416946985,11
0.1,256,0.09104364383181388,11
0.1,256,0.09117895153588518,11
0.1,256,0.09131425325369237,11
0.1,256,0.09144944447396562,11
0.1,256,0.09158424483487723,11
0.1,256,0.09171881475777723,11
0.1,256,0.09185333842647278,11
0.1,256,0.09198800454493913,11
0.1,256,0.0921230079570375,11
0.1,256,0.09225855233159534,11
0.1,256,0.09239485296258119,11
0.1,256,0.09253213971918198,11
0.1,256,0.09267066023883742,11
0.1,256,0.09281068347143533,11
0.1,256,0.09295250370124175,11
0.1,256,0.09309418665079341,11
0.1,256,0.09323308929454092,11
0.1,256,0.09336950046798222,11
0.1,256,0.09350382784352188,11
0.1,256,0.09363643637339723,11
0.1,256,0.09376764982209634,11
0.1,256,0.09389775969141848,11
0.1,256,0.09402703274266105,11
0.1,256,0.09415571710694019,11
0.1,256,0.09428404735073095,11
0.1,256,0.09441224878640185,11
0.1,256,0.0945405412463418,11
0.1,256,0.0946691424902739,11
0.1,256,0.09479827138266453,11
0.1,256,0.0949281509561866,11
0.1,256,0.0950590114650947,11
0.1,256,0.09519109352740787,11
0.1,256,0.09532465145611825,11
0.1,256,0.09545995688706831,11
0.1,256,0.09559674332501304,11
0.1,256,0.09573347786168362,11
0.1,256,0.09587033593349081,11
0.1,256,0.09600600959099773,11
0.1,256,0.09614050676820897,11
0.1,256,0.09627404398967251,11
0.1,256,0.09640683717072064,11
0.1,256,0.09653909394292565,11
0.1,256,0.09667101668145166,11
0.1,256,0.09680280573788067,11
0.1,256,0.09693466242618244,11
0.1,256,0.09706679184274805,11
0.1,256,0.09719940561867352,11
0.1,256,0.09733272469767963,11
0.1,256,0.09746698223209836,11
0.1,256,0.09760242669330216,11
0.1,256,0.09773932530200409,11
0.1,256,0.09787796789863898,11
0.1,256,0.09801490793831975,11
0.1,256,0.09814980545887833,11
0.1,256,0.09828299605676825,11
0.1,256,0.09841481478275388,11
0.1,256,0.0985455652338446,11
0.1,256,0.09867552518781715,11
0.1,256,0.09880495294227636,11
0.1,256,0.0989340926648677,11
0.1,256,0.09906317894780299,11
0.1,256,0.0991924407948503,11
0.1,256,0.09932210522205623,11
0.1,256,0.09945240061851897,11
0.1,256,0.09958355999107908,11
0.1,256,0.09971582420397981,11
0.1,256,0.09984944531953491,11
0.1,256,0.09998469014772701,11
0.1,256,0.1,7
0.5,32,1e-06,2
0.5,32,2.1e-06,2
0.5,32,3.31e-06,2
0.5,32,4.641000000000001e-06,2
0.5,32,6.105100000000001e-06,2
0.5,32,7.715610000000002e-06,2
0.5,32,9.487171000000002e-06,2
0.5,32,1.14358881e-05,2
0.5,32,1.357947691e-05,2
0.5,32,1.5937424601e-05,2
0.5,32,1.853116706110001e-05,2
0.5,32,2.138428376721001e-05,2
0.5,32,2.452271214393101e-05,2
0.5,32,2.797498335832411e-05,2
0.5,32,3.177248169415653e-05,2
0.5,32,3.594972986357219e-05,2
0.5,32,4.05447028499294e-05,2
0.5,32,4.559917313492235e-05,2
0.5,32,5.115909044841459e-05,2
0.5,32,5.727499949325605e-05,2
0.5,32,6.400249944258165e-05,2
0.5,32,7.140274938683982e-05,2
0.5,32,7.954302432552381e-05,2
0.5,32,8.849732675807619e-05,2
0.5,32,9.834705943388383e-05,2
0.5,32,0.0001091817653772722,2
0.5,32,0.0001210999419149994,2
0.5,32,0.0001342099361064994,2
0.5,32,0.0001486309297171494,2
0.5,32,0.0001644940226888643,2
0.5,32,0.0001819434249577508,2
0.5,32,0.0002011377674535259,2
0.5,32,0.0002222515441988785,2
0.5,32,0.0002454766986187664,2
0.5,32,0.000271024368480643,2
0.5,32,0.0002991268053287073,2
0.5,32,0.0003300394858615781,2
0.5,32,0.0003640434344477359,2
0.5,32,0.0004014477778925096,2
0.5,32,0.0004425925556817605,2
0.5,32,0.0004878518112499367,2
0.5,32,0.0005376369923749304,2
0.5,32,0.0005924006916124235,2
0.5,32,0.0006526407607736659,2
0.5,32,0.0007189048368510325,2
0.5,32,0.0007917953205361358,2
0.5,32,0.0008719748525897494,2
0.5,32,0.0009601723378487245,3
0.5,32,0.001057189571633597,3
0.5,32,0.001163908528796957,3
0.5,32,0.001281299381676653,3
0.5,32,0.001410429319844318,3
0.5,32,0.00155247225182875,3
0.5,32,0.001708719477011625,3
0.5,32,0.001880591424712788,3
0.5,32,0.002069650567184067,3
0.5,32,0.002277615623902474,3
0.5,32,0.002506377186292721,3
0.5,32,0.002758014904921994,3
0.5,32,0.003034816395414193,3
0.5,32,0.003339298034955613,3
0.5,32,0.003674227838451174,3
0.5,32,0.004042650622296292,3
0.5,32,0.004447915684525921,3
0.5,32,0.004893707252978514,3
0.5,32,0.005384077978276365,3
0.5,32,0.005923485776104002,3
0.5,32,0.006516834353714403,3
0.5,32,0.007169517789085845,3
0.5,32,0.00788746956799443,3
0.5,32,0.008677216524793875,3
0.5,32,0.009545938177273262,3
0.5,32,0.01050153199500059,3
0.5,32,0.01155268519450065,3
0.5,32,0.01270895371395072,3
0.5,32,0.01398084908534579,3
0.5,32,0.01537993399388037,3
0.5,32,0.01691892739326841,3
0.5,32,0.01861182013259525,3
0.5,32,0.02047400214585477,3
0.5,32,0.02252240236044025,3
0.5,32,0.02477564259648428,3
0.5,32,0.02725420685613271,3
0.5,32,0.02998062754174599,5
0.5,32,0.03297969029592059,5
0.5,32,0.03627865932551265,5
0.5,32,0.03990752525806392,5
0.5,32,0.04389927778387032,5
0.5,32,0.04829020556225735,5
0.5,32,0.0531202261184831,5
0.5,32,0.05843324873033141,5
0.5,32,0.06427757360336456,5
0.5,32,0.07070633096370102,5
0.5,32,0.07777796406007113,6
0.5,32,0.08555676046607825,6
0.5,32,0.09411343651268608,6
0.5,32,0.1035257801639547,6
0.5,32,0.1138793581803502,9
0.5,32,0.1252682939983852,9
0.5,32,0.1377961233982238,8
0.5,32,0.1515767357380461,8
0.5,32,0.1667354093118508,11
0.5,32,0.1831349344502144,12
0.5,32,0.1994649252722742,10
0.5,32,0.2162634685993175,12
0.5,32,0.2314655265579607,15
0.5,32,0.2449467062183257,15
0.5,32,0.2574559112350303,16
0.5,32,0.2695442569469497,15
0.5,32,0.2815000220172105,13
0.5,32,0.2924352932361793,13
0.5,32,0.3019953972817982,13
0.5,32,0.3108411290296973,14
0.5,32,0.3196291123458153,12
0.5,32,0.3287168373559257,15
0.5,32,0.3376238903011239,15
0.5,32,0.3463362442115181,15
0.5,32,0.3545054993608313,14
0.5,32,0.3624764247654346,12
0.5,32,0.370694185525089,15
0.5,32,0.3789631697645721,15
0.5,32,0.3870293222554755,12
0.5,32,0.3950747401872198,15
0.5,32,0.403019403152833,12
0.5,32,0.4109745329231796,12
0.5,32,0.4191852526367341,15
0.5,32,0.4271004796785869,15
0.5,32,0.4349324240918944,15
0.5,32,0.4427395954794704,15
0.5,32,0.450380152414837,12
0.5,32,0.4581467781263726,15
0.5,32,0.4660210912244665,15
0.5,32,0.4737512529669177,12
0.5,32,0.4815846418852694,12
0.5,32,0.4899109681427661,15
0.5,32,0.4978495617472247,15
0.5,32,0.5,8
0.5,64,1e-06,2
0.5,64,2.1e-06,2
0.5,64,3.31e-06,2
0.5,64,4.641000000000001e-06,2
0.5,64,6.105100000000001e-06,2
0.5,64,7.715610000000002e-06,2
0.5,64,9.487171000000002e-06,2
0.5,64,1.14358881e-05,2
0.5,64,1.357947691e-05,2
0.5,64,1.5937424601e-05,2
0.5,64,1.853116706110001e-05,2
0.5,64,2.138428376721001e-05,2
0.5,64,2.452271214393101e-05,2
0.5,64,2.797498335832411e-05,2
0.5,64,3.177248169415653e-05,2
0.5,64,3.594972986357219e-05,2
0.5,64,4.05447028499294e-05,2
0.5,64,4.559917313492235e-05,2
0.5,64,5.115909044841459e-05,2
0.5,64,5.727499949325605e-05,2
0.5,64,6.400249944258165e-05,2
0.5,64,7.140274938683982e-05,2
0.5,64,7.954302432552381e-05,2
0.5,64,8.849732675807619e-05,2
0.5,64,9.834705943388383e-05,2
0.5,64,0.0001091817653772722,2
0.5,64,0.0001210999419149994,2
0.5,64,0.0001342099361064994,2
0.5,64,0.0001486309297171494,2
0.5,64,0.0001644940226888643,2
0.5,64,0.0001819434249577508,2
0.5,64,0.0002011377674535259,2
0.5,64,0.0002222515441988785,2
0.5,64,0.0002454766986187664,2
0.5,64,0.000271024368480643,2
0.5,64,0.0002991268053287073,2
0.5,64,0.0003300394858615781,2
0.5,64,0.0003640434344477359,3
0.5,64,0.0004014477778925096,3
0.5,64,0.0004425925556817605,3
0.5,64,0.0004878518112499367,3
0.5,64,0.0005376369923749304,3
0.5,64,0.0005924006916124235,3
0.5,64,0.0006526407607736659,3
0.5,64,0.0007189048368510325,3
0.5,64,0.0007917953205361358,3
0.5,64,0.0008719748525897494,3
0.5,64,0.0009601723378487245,3
0.5,64,0.001057189571633597,3
0.5,64,0.001163908528796957,3
0.5,64,0.001281299381676653,3
0.5,64,0.001410429319844318,3
0.5,64,0.00155247225182875,3
0.5,64,0.001708719477011625,3
0.5,64,0.001880591424712788,3
0.5,64,0.002069650567184067,3
0.5,64,0.002277615623902474,3
0.5,64,0.002506377186292721,3
0.5,64,0.002758014904921994,3
0.5,64,0.003034816395414193,3
0.5,64,0.003339298034955613,3
0.5,64,0.003674227838451174,3
0.5,64,0.004042650622296292,3
0.5,64,0.004447915684525921,3
0.5,64,0.004893707252978514,3
0.5,64,0.005384077978276365,3
0.5,64,0.005923485776104002,3
0.5,64,0.006516834353714403,3
0.5,64,0.007169517789085845,3
0.5,64,0.00788746956799443,4
0.5,64,0.008677216524793875,4
0.5,64,0.009545938177273262,4
0.5,64,0.01050153199500059,4
0.5,64,0.01155268519450065,4
0.5,64,0.01270895371395072,4
0.5,64,0.01398084908534579,4
0.5,64,0.01537993399388037,5
0.5,64,0.01691892739326841,5
0.5,64,0.01861182013259525,5
0.5,64,0.02047400214585477,5
0.5,64,0.02252240236044025,5
0.5,64,0.02477564259648428,5
0.5,64,0.02725420685613271,6
0.5,64,0.02998062754174599,6
0.5,64,0.03297969029592059,6
0.5,64,0.03627865932551265,6
0.5,64,0.03990752525806392,6
0.5,64,0.04389927778387032,8
0.5,64,0.04829020556225735,8
0.5,64,0.0531202261184831,7
0.5,64,0.05843324873033141,7
0.5,64,0.06427757360336456,9
0.5,64,0.07070633096370102,8
0.5,64,0.07777796406007113,11
0.5,64,0.08555676046607825,10
0.5,64,0.09411343651268608,13
0.5,64,0.1025626161129097,13
0.5,64,0.109989867678662,14
0.5,64,0.1166879183926128,15
0.5,64,0.1230792534425691,15
0.5,64,0.1295009197231928,16
0.5,64,0.1354816792880832,17
0.5,64,0.1407416194614929,18
0.5,64,0.1455235644734869,15
0.5,64,0.1501628744557773,14
0.5,64,0.1548977885279931,15
0.5,64,0.1596440157301579,15
0.5,64,0.1639876969882461,14
0.5,64,0.1681211847651067,15
0.5,64,0.1722439985932785,15
0.5,64,0.1762490779240645,12
0.5,64,0.1802608765177273,15
0.5,64,0.1842487531825445,15
0.5,64,0.1881067719696167,12
0.5,64,0.1919996538533579,15
0.5,64,0.1959893977488933,15
0.5,64,0.1997583446967847,15
0.5,64,0.2034124041884375,12
0.5,64,0.2071443614265525,15
0.5,64,0.2109060415310382,12
0.5,64,0.2148548031493444,15
0.5,64,0.2189279574222193,15
0.5,64,0.222656322562915,15
0.5,64,0.2261847983523608,15
0.5,64,0.2297339439931625,12
0.5,64,0.2335345296480745,15
0.5,64,0.2374499245543934,15
0.5,64,0.2414602562556588,15
0.5,64,0.2451611252351419,15
0.5,64,0.2486693638236425,15
0.5,64,0.2522049442965379,15
0.5,64,0.2559965179943171,15
0.5,64,0.2597695621708356,15
0.5,64,0.2634973048701738,15
0.5,64,0.2671402502988878,15
0.5,64,0.2706692806897003,15
0.5,64,0.2742582069518888,15
0.5,64,0.2781291627352458,15
0.5,64,0.2820003087410425,15
0.5,64,0.2856706462153293,15
0.5,64,0.2892899957854292,15
0.5,64,0.29287853435664,15
0.5,64,0.2965858392935348,15
0.5,64,0.3004657101870611,15
0.5,64,0.3043766050461815,15
0.5,64,0.3080923106351656,15
0.5,64,0.3116882611604392,15
0.5,64,0.3153633999122247,15
0.5,64,0.3192479066488482,15
0.5,64,0.3231606291629507,15
0.5,64,0.3271109637015492,15
0.5,64,0.3308989675196153,15
0.5,64,0.3345557587007719,15
0.5,64,0.3382896564601137,15
0.5,64,0.3421730999263335,15
0.5,64,0.3461395602097233,15
0.5,64,0.3499781974430098,15
0.5,64,0.3537925630866277,15
0.5,64,0.3575291772815067,15
0.5,64,0.3613746448297473,15
0.5,64,0.3653982942400471,15
0.5,64,0.3695881291207054,15
0.5,64,0.373515834580618,15
0.5,64,0.3773378242583996,15
0.5,64,0.3811822927270382,15
0.5,64,0.3852283961705637,15
0.5,64,0.389362857346682,15
0.5,64,0.3936153595560125,15
0.5,64,0.3976203722407004,15
0.5,64,0.4015024542556748,15
0.5,64,0.4055176152814557,15
0.5,64,0.4098911446938665,15
0.5,64,0.4140985005648574,15
0.5,64,0.4181964650980868,15
0.5,64,0.4222062034281335,15
0.5,64,0.4261799907228501,15
0.5,64,0.4303528992961705,15
0.5,64,0.4346144597898279,15
0.5,64,0.4387637619264753,15
0.5,64,0.4428242715161742,15
0.5,64,0.4468926012845398,15
0.5,64,0.451009673146395,15
0.5,64,0.4552231623843424,15
0.5,64,0.4593901918699752,15
0.5,64,0.463690231313458,15
0.5,64,0.4678526097901296,15
0.5,64,0.4719996638202469,15
0.5,64,0.4762007573669713,15
0.5,64,0.4804213996099784,15
0.5,64,0.4847406537136921,15
0.5,64,0.4891077135712762,15
0.5,64,0.4933692662005233,15
0.5,64,0.4976096545211454,15
0.5,64,0.5,12
0.5,128,1e-06,2
0.5,128,2.1e-06,2
0.5,128,3.31e-06,2
0.5,128,4.641000000000001e-06,2
0.5,128,6.105100000000001e-06,2
0.5,128,7.715610000000002e-06,2
0.5,128,9.487171000000002e-06,2
0.5,128,1.14358881e-05,2
0.5,128,1.357947691e-05,2
0.5,128,1.5937424601e-05,2
0.5,128,1.853116706110001e-05,2
0.5,128,2.138428376721001e-05,2
0.5,128,2.452271214393101e-05,2
0.5,128,2.797498335832411e-05,2
0.5,128,3.177248169415653e-05,2
0.5,128,3.594972986357219e-05,2
0.5,128,4.05447028499294e-05,2
0.5,128,4.559917313492235e-05,2
0.5,128,5.115909044841459e-05,2
0.5,128,5.727499949325605e-05,2
0.5,128,6.400249944258165e-05,2
0.5,128,7.140274938683982e-05,2
0.5,128,7.954302432552381e-05,2
0.5,128,8.849732675807619e-05,2
0.5,128,9.834705943388383e-05,2
0.5,128,0.0001091817653772722,2
0.5,128,0.0001210999419149994,3
0.5,128,0.0001342099361064994,3
0.5,128,0.0001486309297171494,3
0.5,128,0.0001644940226888643,3
0.5,128,0.0001819434249577508,3
0.5,128,0.0002011377674535259,3
0.5,128,0.0002222515441988785,3
0.5,128,0.0002454766986187664,3
0.5,128,0.000271024368480643,3
0.5,128,0.0002991268053287073,3
0.5,128,0.0003300394858615781,3
0.5,128,0.0003640434344477359,3
0.5,128,0.0004014477778925096,3
0.5,128,0.0004425925556817605,3
0.5,128,0.0004878518112499367,3
0.5,128,0.0005376369923749304,3
0.5,128,0.0005924006916124235,3
0.5,128,0.0006526407607736659,3
0.5,128,0.0007189048368510325,3
0.5,128,0.0007917953205361358,3
0.5,128,0.0008719748525897494,3
0.5,128,0.0009601723378487245,3
0.5,128,0.001057189571633597,3
0.5,128,0.001163908528796957,3
0.5,128,0.001281299381676653,3
0.5,128,0.001410429319844318,3
0.5,128,0.00155247225182875,3
0.5,128,0.001708719477011625,3
0.5,128,0.001880591424712788,3
0.5,128,0.002069650567184067,3
0.5,128,0.002277615623902474,3
0.5,128,0.002506377186292721,3
0.5,128,0.002758014904921994,4
0.5,128,0.003034816395414193,4
0.5,128,0.003339298034955613,4
0.5,128,0.003674227838451174,4
0.5,128,0.004042650622296292,4
0.5,128,0.004447915684525921,4
0.5,128,0.004893707252978514,4
0.5,128,0.005384077978276365,5
0.5,128,0.005923485776104002,5
0.5,128,0.006516834353714403,5
0.5,128,0.007169517789085845,5
0.5,128,0.00788746956799443,5
0.5,128,0.008677216524793875,5
0.5,128,0.009545938177273262,5
0.5,128,0.01050153199500059,6
0.5,128,0.01155268519450065,6
0.5,128,0.01270895371395072,6
0.5,128,0.01398084908534579,6
0.5,128,0.01537993399388037,6
0.5,128,0.01691892739326841,6
0.5,128,0.01861182013259525,8
0.5,128,0.02047400214585477,8
0.5,128,0.02252240236044025,8
0.5,128,0.02477564259648428,8
0.5,128,0.02725420685613271,8
0.5,128,0.02998062754174599,8
0.5,128,0.03297969029592059,8
0.5,128,0.03627865932551265,11
0.5,128,0.03990752525806392,10
0.5,128,0.04389927778387032,13
0.5,128,0.04795997126955809,13
0.5,128,0.05172736045397796,14
0.5,128,0.05534693265897291,13
0.5,128,0.0590243119970652,17
0.5,128,0.06240742328969782,16
0.5,128,0.06531763240405482,21
0.5,128,0.06797920014785989,16
0.5,128,0.07059071421927603,17
0.5,128,0.07331042556179151,19
0.5,128,0.07589162885420482,23
0.5,128,0.07819548547951974,23
0.5,128,0.08036193253032492,17
0.5,128,0.08251712435712677,14
0.5,128,0.08473929151637148,15
0.5,128,0.08700853052171403,15
0.5,128,0.08919482121124669,15
0.5,128,0.09123344394510802,15
0.5,128,0.09317314821330695,15
0.5,128,0.09511671222289365,12
0.5,128,0.0971617435793785,15
0.5,128,0.09917855110925276,15
0.5,128,0.1011898859195314,15
0.5,128,0.1030621337798409,15
0.5,128,0.1048691448815975,15
0.5,128,0.1067153039067313,15
0.5,128,0.1086279666708913,15
0.5,128,0.110609186826113,15
0.5,128,0.1125076666623645,15
0.5,128,0.1142820317403685,15
0.5,128,0.1160238628250787,15
0.5,128,0.1178430435745898,16
0.5,128,0.119730176660272,15
0.5,128,0.1217307168126628,18
0.5,128,0.1235580893467996,15
0.5,128,0.1252834146127965,16
0.5,128,0.1270225003827561,16
0.5,128,0.1288141377185244,15
0.5,128,0.1306183331931122,15
0.5,128,0.1324759658042668,16
0.5,128,0.1342240851620716,16
0.5,128,0.135933350186373,15
0.5,128,0.1377114535497423,16
0.5,128,0.1394836375314946,17
0.5,128,0.1412272993303931,17
0.5,128,0.1430036894022153,16
0.5,128,0.1447230144181869,15
0.5,128,0.1464581391083176,15
0.5,128,0.148319305744135,17
0.5,128,0.1500942631118602,17
0.5,128,0.1518093201646469,17
0.5,128,0.1535455510988232,17
0.5,128,0.1552751118781562,16
0.5,128,0.1570812105018983,16
0.5,128,0.1589673310651794,16
0.5,128,0.1607302232715168,17
0.5,128,0.1624366510220978,17
0.5,128,0.1641714370493567,16
0.5,128,0.1659564518650241,16
0.5,128,0.1677731486640033,17
0.5,128,0.1696141697787715,18
0.5,128,0.1713537230254444,17
0.5,128,0.1730716304449086,16
0.5,128,0.1748467217912417,17
0.5,128,0.176643918081408,17
0.5,128,0.1784178014990808,17
0.5,128,0.1802078054259757,17
0.5,128,0.1819393521192249,16
0.5,128,0.1836947611249919,16
0.5,128,0.1855528285654222,17
0.5,128,0.1873634850574305,17
0.5,128,0.1891216620373046,17
0.5,128,0.1908853705537572,17
0.5,128,0.1926367730930482,16
0.5,128,0.1944686751625226,17
0.5,128,0.1964203043735437,18
0.5,128,0.1982446655663198,17
0.5,128,0.2000105244188396,17
0.5,128,0.2017803143700079,16
0.5,128,0.2035964556310752,17
0.5,128,0.2054442624907248,17
0.5,128,0.2073463763490493,17
0.5,128,0.2091491494592584,17
0.5,128,0.2109354039835048,17
0.5,128,0.2127533065633518,17
0.5,128,0.2146173540209601,17
0.5,128,0.2164501181395681,17
0.5,128,0.2183036891391776,17
0.5,128,0.2201037537800438,17
0.5,128,0.2219378788411233,17
0.5,128,0.2238562505419419,18
0.5,128,0.2257391016881758,17
0.5,128,0.2275708553581282,17
0.5,128,0.2294025951470075,17
0.5,128,0.2312354921196089,17
0.5,128,0.2331500455111127,17
0.5,128,0.2351761485316893,17
0.5,128,0.2370755780808853,17
0.5,128,0.2389307831923709,17
0.5,128,0.2407857212553021,17
0.5,128,0.2427159820647117,17
0.5,128,0.2446389182190715,17
0.5,128,0.246596137627782,17
0.5,128,0.248475097709589,17
0.5,128,0.2503652938319852,17
0.5,128,0.25230148303949,17
0.5,128,0.2542490857567928,17
0.5,128,0.2561657345616438,17
0.5,128,0.2580820529763864,17
0.5,128,0.2599804955147992,17
0.5,128,0.2619272723967797,17
0.5,128,0.2640207919870796,17
0.5,128,0.2659992140278888,17
0.5,128,0.2679415259675576,17
0.5,128,0.2698685933825598,17
0.5,128,0.2718479715895951,17
0.5,128,0.2738707874098403,17
0.5,128,0.2759151533424289,17
0.5,128,0.2778778960865699,17
0.5,128,0.2798457101361795,17
0.5,128,0.2818491285971197,17
0.5,128,0.2838690655317468,17
0.5,128,0.2858910817526948,17
0.5,128,0.287892395655878,18
0.5,128,0.2898796362314875,17
0.5,128,0.2919042382080834,17
0.5,128,0.2940387956596033,18
0.5,128,0.2960854920527892,18
0.5,128,0.2981389904623989,16
0.5,128,0.3001590762018054,17
0.5,128,0.3022225296525818,17
0.5,128,0.3043897391585129,16
0.5,128,0.3065052945345444,18
0.5,128,0.3085597738535926,16
0.5,128,0.3106125610477389,17
0.5,128,0.312721661367722,17
0.5,128,0.3148345328495411,18
0.5,128,0.317012966531721,16
0.5,128,0.319108938369386,16
0.5,128,0.321211726291056,17
0.5,128,0.3233620408925288,18
0.5,128,0.3255253056658205,16
0.5,128,0.3276582833162442,16
0.5,128,0.3297863198082015,17
0.5,128,0.3319153758374238,17
0.5,128,0.3341057749315546,16
0.5,128,0.336389548324562,16
0.5,128,0.3385689476573698,17
0.5,128,0.3407599123036139,18
0.5,128,0.3429337796788559,17
0.5,128,0.3451554762844935,16
0.5,128,0.3474254191049175,17
0.5,128,0.3496472690617325,18
0.5,128,0.3518434587942363,16
0.5,128,0.3540536965281709,16
0.5,128,0.3563504138060661,17
0.5,128,0.3585998364397763,18
0.5,128,0.3608760100543845,18
0.5,128,0.363106652687866,16
0.5,128,0.3653689759735297,17
0.5,128,0.3677852937331819,18
0.5,128,0.3700925820616517,16
0.5,128,0.3723924113641199,16
0.5,128,0.3746641342999838,17
0.5,128,0.3769937182922934,18
0.5,128,0.3793914514690241,18
0.5,128,0.3817424253190201,16
0.5,128,0.3840537575561503,17
0.5,128,0.386368810536744,16
0.5,128,0.3887742730468063,16
0.5,128,0.391145702496497,16
0.5,128,0.3935444223190799,17
0.5,128,0.3958917057162725,18
0.5,128,0.3982639075475699,17
0.5,128,0.40074564672026,16
0.5,128,0.4031514073818325,17
0.5,128,0.4055860561647623,18
0.5,128,0.4079795062987336,17
0.5,128,0.4104259019342623,17
0.5,128,0.4129973321033142,16
0.5,128,0.4154661347508978,18
0.5,128,0.4179180198342922,16
0.5,128,0.4203634591009388,17
0.5,128,0.4228574498096241,17
0.5,128,0.4253707262483554,16
0.5,128,0.4278616611453531,16
0.5,128,0.4303401276198884,17
0.5,128,0.4328504796783531,18
0.5,128,0.4353929365118299,16
0.5,128,0.4379050978730366,16
0.5,128,0.4404322345619875,17
0.5,128,0.442958584346827,16
0.5,128,0.4455319629485626,16
0.5,128,0.4482004062217649,17
0.5,128,0.4507676067876088,18
0.5,128,0.4533380453050072,16
0.5,128,0.4559382912658778,16
0.5,128,0.4585524853304916,18
0.5,128,0.4612613764771968,16
0.5,128,0.4638704958826,16
0.5,128,0.4664844984926844,17
0.5,128,0.4691883156202202,18
0.5,128,0.471844565478023,16
0.5,128,0.4745524416642485,16
0.5,128,0.4771980550057592,16
0.5,128,0.4798770990645616,16
0.5,128,0.4825691293496989,16
0.5,128,0.4852484258398905,17
0.5,128,0.4879623781425242,17
0.5,128,0.4906578695036514,16
0.5,128,0.4934006547174654,16
0.5,128,0.4962338067641291,18
0.5,128,0.4989843277951175,16
0.5,128,0.5,11
0.5,256,1e-06,3
0.5,256,2.1e-06,3
0.5,256,3.31e-06,3
0.5,256,4.641000000000001e-06,3
0.5,256,6.105100000000001e-06,3
0.5,256,7.715610000000002e-06,3
0.5,256,9.487171000000002e-06,3
0.5,256,1.14358881e-05,3
0.5,256,1.357947691e-05,3
0.5,256,1.5937424601e-05,3
0.5,256,1.853116706110001e-05,3
0.5,256,2.138428376721001e-05,3
0.5,256,2.452271214393101e-05,3
0.5,256,2.797498335832411e-05,3
0.5,256,3.177248169415653e-05,3
0.5,256,3.594972986357219e-05,3
0.5,256,4.05447028499294e-05,3
0.5,256,4.559917313492235e-05,3
0.5,256,5.115909044841459e-05,3
0.5,256,5.727499949325605e-05,3
0.5,256,6.400249944258165e-05,3
0.5,256,7.140274938683982e-05,3
0.5,256,7.954302432552381e-05,3
0.5,256,8.849732675807619e-05,3
0.5,256,9.834705943388383e-05,3
0.5,256,0.0001091817653772722,3
0.5,256,0.0001210999419149994,3
0.5,256,0.0001342099361064994,3
0.5,256,0.0001486309297171494,3
0.5,256,0.0001644940226888643,3
0.5,256,0.0001819434249577508,3
0.5,256,0.0002011377674535259,3
0.5,256,0.0002222515441988785,3
0.5,256,0.0002454766986187664,3
0.5,256,0.000271024368480643,3
0.5,256,0.0002991268053287073,3
0.5,256,0.0003300394858615781,3
0.5,256,0.0003640434344477359,3
0.5,256,0.0004014477778925096,3
0.5,256,0.0004425925556817605,3
0.5,256,0.0004878518112499367,3
0.5,256,0.0005376369923749304,3
0.5,256,0.0005924006916124235,3
0.5,256,0.0006526407607736659,3
0.5,256,0.0007189048368510325,3
0.5,256,0.0007917953205361358,3
0.5,256,0.0008719748525897494,4
0.5,256,0.0009601723378487245,4
0.5,256,0.001057189571633597,4
0.5,256,0.001163908528796957,4
0.5,256,0.001281299381676653,4
0.5,256,0.001410429319844318,4
0.5,256,0.00155247225182875,4
0.5,256,0.001708719477011625,4
0.5,256,0.001880591424712788,4
0.5,256,0.002069650567184067,4
0.5,256,0.002277615623902474,4
0.5,256,0.002506377186292721,5
0.5,256,0.002758014904921994,5
0.5,256,0.003034816395414193,5
0.5,256,0.003339298034955613,5
0.5,256,0.003674227838451174,6
0.5,256,0.004042650622296292,6
0.5,256,0.004447915684525921,6
0.5,256,0.004893707252978514,6
0.5,256,0.005384077978276365,6
0.5,256,0.005923485776104002,6
0.5,256,0.006516834353714403,6
0.5,256,0.007169517789085845,6
0.5,256,0.00788746956799443,6
0.5,256,0.008677216524793875,8
0.5,256,0.009545938177273262,8
0.5,256,0.01050153199500059,8
0.5,256,0.01155268519450065,9
0.5,256,0.01270895371395072,9
0.5,256,0.01398084908534579,9
0.5,256,0.01537993399388037,11
0.5,256,0.01691892739326841,10
0.5,256,0.01861182013259525,11
0.5,256,0.02047400214585477,11
0.5,256,0.02252240236044025,13
0.5,256,0.02458423496961911,13
0.5,256,0.02670735402646703,16
0.5,256,0.02868279900378738,17
0.5,256,0.03042916714403636,15
0.5,256,0.03210196777423305,17
0.5,256,0.03383607254791741,25
0.5,256,0.03542564956170096,23
0.5,256,0.03674550669378689,22
0.5,256,0.03793898143360911,21
0.5,256,0.0390757639546208,21
0.5,256,0.04016695272714282,18
0.5,256,0.04122939719154455,19
0.5,256,0.04227592422612515,23
0.5,256,0.043332518414016,24
0.5,256,0.04443061213402448,24
0.5,256,0.04558710874218796,15
0.5,256,0.04674113062640897,18
0.5,256,0.04780648569772261,15
0.5,256,0.04883169916927629,15
0.5,256,0.04985465038986772,15
0.5,256,0.05092267138434375,15
0.5,256,0.05203089054911561,18
0.5,256,0.05306168144074468,18
0.5,256,0.05403629521286354,15
0.5,256,0.05500413649842566,15
0.5,256,0.05600891371462068,16
0.5,256,0.05707754104972858,19
0.5,256,0.05807964890210728,19
0.5,256,0.05902051569596466,19
0.5,256,0.05995627238860975,18
0.5,256,0.06091495416902686,16
0.5,256,0.06193949844298135,19
0.5,256,0.06291470779156033,19
0.5,256,0.06383364468401989,17
0.5,256,0.06474905031084452,17
0.5,256,0.06567297767164036,19
0.5,256,0.06663744227764284,17
0.5,256,0.06759223754317414,17
0.5,256,0.06849851360512943,18
0.5,256,0.06940081317701571,18
0.5,256,0.07030240980956261,18
0.5,256,0.07122023244971742,18
0.5,256,0.0721669199924511,18
0.5,256,0.07306972785757158,17
0.5,256,0.07396596139977381,17
0.5,256,0.0748606169398659,18
0.5,256,0.07575031634267892,18
0.5,256,0.07667639844295447,18
0.5,256,0.07757639529255239,18
0.5,256,0.07847042336702359,18
0.5,256,0.07937338094083699,18
0.5,256,0.08025273476153998,17
0.5,256,0.08114424495335489,18
0.5,256,0.08204037470665429,18
0.5,256,0.08293472692570406,18
0.5,256,0.08386045248324131,18
0.5,256,0.08474496859078035,18
0.5,256,0.08562064041461448,18
0.5,256,0.08651931182134866,18
0.5,256,0.08741901012627025,18
0.5,256,0.08836497056637378,18
0.5,256,0.08926134877951869,18
0.5,256,0.09013390571181816,18
0.5,256,0.09103743747724771,18
0.5,256,0.09194189687091291,18
0.5,256,0.09288183197252652,22
0.5,256,0.09378585172274326,18
0.5,256,0.09466036115793809,18
0.5,256,0.09555928871964252,18
0.5,256,0.09645168626253581,19
0.5,256,0.09735371032386882,18
0.5,256,0.09826019701478014,18
0.5,256,0.09913856717878043,18
0.5,256,0.1000341684413248,18
0.5,256,0.1009299238829775,18
0.5,256,0.1018147932224635,18
0.5,256,0.1027325652006072,18
0.5,256,0.1036203667184165,18
0.5,256,0.1045187569646757,18
0.5,256,0.105431416694616,18
0.5,256,0.1063163259333695,18
0.5,256,0.1072141638119273,18
0.5,256,0.1081042932466626,18
0.5,256,0.1090065222719197,18
0.5,256,0.1099450850908205,18
0.5,256,0.1108410933992433,18
0.5,256,0.1117326434346276,18
0.5,256,0.1126295282000404,18
0.5,256,0.1135405431221138,18
0.5,256,0.1144982930345315,18
0.5,256,0.1154077996103948,18
0.5,256,0.1163020658452296,18
0.5,256,0.1172080141870543,18
0.5,256,0.1181128750553549,18
0.5,256,0.1190370330522991,18
0.5,256,0.1199473911077113,18
0.5,256,0.1208438715179251,18
0.5,256,0.1217592159511059,18
0.5,256,0.1226695411476057,18
0.5,256,0.1235781353608251,18
0.5,256,0.1244963208240108,18
0.5,256,0.125399945346168,18
0.5,256,0.126326218546332,18
0.5,256,0.1272516437770045,18
0.5,256,0.1281591301603077,18
0.5,256,0.1290883372396568,18
0.5,256,0.1300024681026409,18
0.5,256,0.1309405334358323,18
0.5,256,0.1318846979585642,18
0.5,256,0.1327994589727468,18
0.5,256,0.1337364165329858,18
0.5,256,0.1346618821938745,18
0.5,256,0.1356002485867273,18
0.5,256,0.136558706035648,18
0.5,256,0.1374830736895981,18
0.5,256,0.1384238256695466,18
0.5,256,0.1393608892187474,18
0.5,256,0.1402934767748532,18
0.5,256,0.1412618075514822,18
0.5,256,0.1421962003486882,18
0.5,256,0.1431457618649822,18
0.5,256,0.1440975664104312,18
0.5,256,0.1450337969048146,18
0.5,256,0.1459939986004113,18
0.5,256,0.1469340786355609,18
0.5,256,0.1478948421693786,18
0.5,256,0.1488642385883339,18
0.5,256,0.1498096007031955,18
0.5,256,0.150769830800815,18
0.5,256,0.1517186738611591,18
0.5,256,0.1526841273717035,18
0.5,256,0.1536730962913348,18
0.5,256,0.1546303726352116,18
0.5,256,0.1555983340443551,18
0.5,256,0.1565595520826113,18
0.5,256,0.1575230760276207,18
0.5,256,0.1585242774536164,18
0.5,256,0.1594921925512807,18
0.5,256,0.1604727755254224,18
0.5,256,0.1614504084795565,18
0.5,256,0.1624196670519163,18
0.5,256,0.1634161594760892,18
0.5,256,0.1643904785278933,18
0.5,256,0.1653830524775922,18
0.5,256,0.1663809034497336,18
0.5,256,0.1673603344849677,18
0.5,256,0.1683620060520728,18
0.5,256,0.1693471675836025,18
0.5,256,0.1703461403165978,18
0.5,256,0.1713694589770007,18
0.5,256,0.1723624290439529,18
0.5,256,0.1733771555458306,18
0.5,256,0.1743791520468278,18
0.5,256,0.1753840379968095,18
0.5,256,0.1764174077941193,18
0.5,256,0.1774213702713947,18
0.5,256,0.1784366655057052,18
0.5,256,0.1794580691171764,18
0.5,256,0.1804703230747487,18
0.5,256,0.1815023309861362,18
0.5,256,0.1825171549266054,18
0.5,256,0.1835389768031482,18
0.5,256,0.18457716174531,18
0.5,256,0.1856001078273257,18
0.5,256,0.1866326487014126,18
0.5,256,0.1876640705149031,18
0.5,256,0.1887028284867413,18
0.5,256,0.1897471653550882,18
0.5,256,0.1907821644679333,18
0.5,256,0.1918194329009449,18
0.5,256,0.192865648963088,18
0.5,256,0.1939288727922129,18
0.5,256,0.1949807864414408,18
0.5,256,0.196034548694019,18
0.5,256,0.1970863201630517,18
0.5,256,0.1981395669361237,18
0.5,256,0.199212409417745,18
0.5,256,0.200270292509014,18
0.5,256,0.2013472659494482,18
0.5,256,0.2024277229110043,18
0.5,256,0.203493506274885,18
0.5,256,0.2045878534041971,18
0.5,256,0.2056630923847821,18
0.5,256,0.2067449778611735,18
0.5,256,0.2078459237377562,18
0.5,256,0.2089264198597862,18
0.5,256,0.2100166182522817,18
0.5,256,0.2111159196168559,18
0.5,256,0.2122185970189004,18
0.5,256,0.2133234195225616,18
0.5,256,0.2144233369568201,18
0.5,256,0.2155228517964158,18
0.5,256,0.2166275703276107,18
0.5,256,0.2177460781163686,18
0.5,256,0.2188531315196443,18
0.5,256,0.219978145465718,18
0.5,256,0.2211118202212525,18
0.5,256,0.2222286927538718,18
0.5,256,0.2233740504155891,18
0.5,256,0.2245032008126917,18
0.5,256,0.2256379017136977,18
0.5,256,0.2267923010165592,18
0.5,256,0.2279282727696049,18
0.5,256,0.2290653511408512,18
0.5,256,0.2302130677504669,18
0.5,256,0.2313735419918399,18
0.5,256,0.2325227724013192,18
0.5,256,0.2336890739452605,18
0.5,256,0.2348535329372359,18
0.5,256,0.2360088664871153,18
0.5,256,0.2372004009817832,18
0.5,256,0.238368677588894,18
0.5,256,0.2395399273838087,18
0.5,256,0.240729315299188,18
0.5,256,0.2419063465580192,18
0.5,256,0.2430829845703237,18
0.5,256,0.2442693250612503,18
0.5,256,0.245474902310319,18
0.5,256,0.2466637935632117,18
0.5,256,0.2478756053221062,18
0.5,256,0.2490832426854271,18
0.5,256,0.2502833724291282,18
0.5,256,0.2515053646252547,18
0.5,256,0.2527160866819925,18
0.5,256,0.2539283681828905,18
0.5,256,0.2551476290923683,18
0.5,256,0.2563766145367897,18
0.5,256,0.2575948547280782,21
0.5,256,0.2588240008505061,21
0.5,256,0.2600712103631039,183
